Data,TempMaxPrevista,TempMinPrevista,TempMaxINMET,NumDiasTempMaxINMET,TempMinINMET,NumDiasTempMinINMET,TempMaxCorrigida,TempMinCorrigida
1/1980,26.83313203225807,16.830839193548393,32.74999999999999,16.0,22.8,16.0,32.74999999999999,22.8
2/1980,27.876369793103446,17.697971517241378,34.175,16.0,23.618749999999995,16.0,34.175,23.618749999999995
3/1980,28.14905603225806,18.452535032258066,33.225,20.0,23.974999999999994,20.0,33.225,23.974999999999994
4/1980,25.835522800000003,16.545381400000004,,,,,25.835522800000003,16.545381400000004
5/1980,25.70278506451612,16.55740748387096,30.770588235294124,17.0,23.282352941176466,17.0,30.770588235294124,23.282352941176466
6/1980,25.77585576666667,16.306112149999993,31.161538461538463,13.0,23.007692307692302,13.0,31.161538461538463,23.007692307692302
7/1980,25.45268348387097,16.032437274193548,30.8625,16.0,22.887500000000006,16.0,30.8625,22.887500000000006
8/1980,26.651125548387107,16.80553029032258,32.322222222222216,18.0,23.488888888888887,18.0,32.322222222222216,23.488888888888887
9/1980,27.4320958,17.15778181666667,33.73333333333333,18.0,24.20555555555555,18.0,33.73333333333333,24.20555555555555
10/1980,27.92721332258064,17.22711390322581,33.88636363636364,22.0,22.686363636363634,22.0,33.88636363636364,22.686363636363634
11/1980,27.25367873333334,17.18042026666667,33.1,19.0,23.084210526315786,19.0,33.1,23.084210526315786
12/1980,27.844087612903234,17.51608983870968,33.21851851851852,27.0,22.992592592592594,27.0,33.21851851851852,22.992592592592594
1/1981,26.622521999999996,17.182819999999996,,,,,26.622521999999996,17.182819999999996
2/1981,27.913213071428576,17.471083321428573,33.77222222222222,18.0,22.88888888888889,18.0,33.77222222222222,22.88888888888889
3/1981,29.217983032258058,18.24495522580645,34.45,28.0,23.224999999999994,28.0,34.45,23.224999999999994
4/1981,26.461798433333332,16.532896066666662,32.317647058823525,17.0,22.882352941176467,17.0,32.317647058823525,22.882352941176467
5/1981,25.70497580645161,16.407205225806457,30.69090909090909,22.0,22.58636363636364,22.0,30.69090909090909,22.58636363636364
6/1981,26.231938633333346,16.250148149999994,29.74,5.0,21.76,5.0,29.74,21.76
7/1981,23.572066645161296,14.583549629032259,28.82105263157895,19.0,21.178947368421053,19.0,28.82105263157895,21.178947368421053
8/1981,25.895613290322572,16.000365016129035,31.128571428571433,14.0,22.414285714285718,14.0,31.128571428571433,22.414285714285718
9/1981,26.01096920000001,16.450011366666665,31.94615384615385,13.0,23.261538461538464,13.0,31.94615384615385,23.261538461538464
10/1981,27.708207354838713,17.590590774193544,33.20740740740741,27.0,23.8,27.0,33.20740740740741,23.8
11/1981,28.68398553333333,18.256268333333328,34.46521739130435,23.0,24.33478260869565,23.0,34.46521739130435,24.33478260869565
12/1981,27.875754129032263,18.377270548387095,33.813636363636355,22.0,24.481818181818177,22.0,33.813636363636355,24.481818181818177
1/1982,26.949286967741934,17.452789290322585,32.96,20.0,23.81,20.0,32.96,23.81
2/1982,27.43388235714286,18.065199571428572,33.647368421052626,19.0,23.70526315789473,19.0,33.647368421052626,23.70526315789473
3/1982,28.36788335483871,18.95012319354839,34.06071428571428,28.0,24.414285714285718,28.0,34.06071428571428,24.414285714285718
4/1982,26.58588503333333,17.44222443333333,32.585,20.0,23.874999999999996,20.0,32.585,23.874999999999996
5/1982,25.517351967741927,16.22710035483871,31.04347826086957,23.0,23.68695652173913,23.0,31.04347826086957,23.68695652173913
6/1982,25.164173066666667,15.91090133333333,30.8391304347826,23.0,22.643478260869564,23.0,30.8391304347826,22.643478260869564
7/1982,24.61652680645161,15.864348354838715,30.956,25.0,23.004,25.0,30.956,23.004
8/1982,26.536190387096767,16.171018822580642,32.56666666666667,21.0,23.357142857142858,21.0,32.56666666666667,23.357142857142858
9/1982,28.58611243333333,18.410732966666664,34.276923076923076,26.0,24.388461538461538,26.0,34.276923076923076,24.388461538461538
10/1982,27.87924864516129,17.84627548387097,34.53636363636364,22.0,24.31363636363637,22.0,34.53636363636364,24.31363636363637
11/1982,29.0677697,18.394009,35.07391304347827,23.0,24.54782608695652,23.0,35.07391304347827,24.54782608695652
12/1982,27.24802329032257,18.010593258064514,33.64666666666667,15.0,24.75333333333333,15.0,33.64666666666667,24.75333333333333
1/1983,27.56379358064516,18.536049870967737,33.283870967741926,31.0,24.119354838709675,31.0,33.283870967741926,24.119354838709675
2/1983,28.927959678571433,19.088429892857143,34.41428571428572,28.0,23.871428571428577,28.0,34.41428571428572,23.871428571428577
3/1983,29.822007774193548,20.226266161290322,34.84333333333333,30.0,25.05806451612904,31.0,34.84333333333333,25.05806451612904
4/1983,26.54432883333333,17.222009699999994,32.755172413793105,29.0,23.986206896551728,29.0,32.755172413793105,23.986206896551728
5/1983,26.94982761290323,17.662885532258066,32.50967741935483,31.0,24.558064516129022,31.0,32.50967741935483,24.558064516129022
6/1983,25.102863199999998,15.511478333333326,31.54,30.0,23.390000000000004,30.0,31.54,23.390000000000004
7/1983,26.258565,16.534412354838715,32.43225806451613,31.0,24.148387096774197,31.0,32.43225806451613,24.148387096774197
8/1983,24.95070477419355,15.544022774193554,31.72258064516129,31.0,23.416129032258052,31.0,31.72258064516129,23.416129032258052
9/1983,28.09919506666667,17.343192499999997,34.12333333333333,30.0,24.21333333333333,30.0,34.12333333333333,24.21333333333333
10/1983,29.61045829032258,19.165624483870968,35.16129032258065,31.0,24.583870967741934,31.0,35.16129032258065,24.583870967741934
11/1983,28.932462366666666,18.651519316666672,34.62,30.0,24.583333333333325,30.0,34.62,24.583333333333325
12/1983,27.991736322580646,17.91267037096774,33.52903225806451,31.0,24.10645161290323,31.0,33.52903225806451,24.10645161290323
1/1984,26.57797064516129,16.647028209677416,32.96451612903226,31.0,23.725806451612897,31.0,32.96451612903226,23.725806451612897
2/1984,27.349319344827595,18.035323517241377,33.26896551724138,29.0,23.77586206896552,29.0,33.26896551724138,23.77586206896552
3/1984,29.778002129032263,19.365360193548387,34.88709677419356,31.0,24.49677419354839,31.0,34.88709677419356,24.49677419354839
4/1984,28.97144283333333,19.218261783333336,34.36666666666667,30.0,24.40333333333333,30.0,34.36666666666667,24.40333333333333
5/1984,25.20564477419354,15.870435096774195,31.690322580645155,31.0,23.280645161290327,31.0,31.690322580645155,23.280645161290327
6/1984,22.534921733333334,14.457233533333332,29.613333333333333,30.0,22.750000000000004,30.0,29.613333333333333,22.750000000000004
7/1984,22.35035,14.005906419354837,29.548387096774203,31.0,22.64516129032258,31.0,29.548387096774203,22.64516129032258
8/1984,24.01234329032259,15.033883693548384,31.18709677419356,31.0,23.30322580645161,31.0,31.18709677419356,23.30322580645161
9/1984,25.2366551,15.443068616666665,31.746666666666666,30.0,23.246666666666666,30.0,31.746666666666666,23.246666666666666
10/1984,26.621893451612905,16.73718991935484,32.46451612903225,31.0,23.580645161290327,31.0,32.46451612903225,23.580645161290327
11/1984,24.981191866666666,15.723942300000004,31.5,23.0,23.4,30.0,31.5,23.4
12/1984,26.33774222580645,16.66170519354839,32.516129032258064,31.0,23.751612903225805,31.0,32.516129032258064,23.751612903225805
1/1985,26.649752451612905,16.752523774193556,32.97419354838709,31.0,23.293548387096767,31.0,32.97419354838709,23.293548387096767
2/1985,27.69524007142857,17.57398785714285,33.40384615384616,26.0,23.669230769230772,26.0,33.40384615384616,23.669230769230772
3/1985,29.848319709677426,19.57758135483871,34.0516129032258,31.0,24.387096774193548,31.0,34.0516129032258,24.387096774193548
4/1985,28.2321038,18.388507666666673,33.599999999999994,30.0,24.196666666666665,30.0,33.599999999999994,24.196666666666665
5/1985,23.834935193548393,15.86467203225806,30.929032258064517,31.0,23.40645161290323,31.0,30.929032258064517,23.40645161290323
6/1985,20.500334316666667,13.596757183333333,29.106666666666666,30.0,22.423333333333336,30.0,29.106666666666666,22.423333333333336
7/1985,22.634869516129022,13.67508590322581,30.686666666666664,30.0,22.02,30.0,30.686666666666664,22.02
8/1985,23.344674677419352,14.471067193548391,30.757142857142853,28.0,22.779310344827586,29.0,30.757142857142853,22.779310344827586
9/1985,26.608253,16.2270257,32.73793103448276,29.0,23.56206896551724,29.0,32.73793103448276,23.56206896551724
10/1985,27.478048096774195,17.298331612903226,33.333333333333336,30.0,24.07,30.0,33.333333333333336,24.07
11/1985,26.54613130000001,16.32855715,32.82333333333334,30.0,23.75,30.0,32.82333333333334,23.75
12/1985,25.470820225806442,15.92794312903226,32.38709677419355,31.0,23.364516129032253,31.0,32.38709677419355,23.364516129032253
1/1986,26.641958677419357,17.801102838709678,32.264516129032266,31.0,23.706451612903233,31.0,32.264516129032266,23.706451612903233
2/1986,26.408992464285717,16.876899535714287,32.50000000000001,27.0,23.585185185185185,27.0,32.50000000000001,23.585185185185185
3/1986,27.629085741935484,18.155178032258068,32.486666666666665,30.0,24.026666666666674,30.0,32.486666666666665,24.026666666666674
4/1986,28.557117666666674,18.876019433333337,34.56666666666666,24.0,24.629999999999995,30.0,34.56666666666666,24.629999999999995
5/1986,25.467547258064517,16.576340483870972,31.593548387096767,31.0,23.661290322580644,31.0,31.593548387096767,23.661290322580644
6/1986,20.684229566666666,13.758100066666666,29.23333333333333,30.0,22.646666666666665,30.0,29.23333333333333,22.646666666666665
7/1986,23.09425477419354,14.357371564516127,30.309677419354834,31.0,22.26774193548387,31.0,30.309677419354834,22.26774193548387
8/1986,25.557230548387107,15.307608435483873,32.04193548387098,31.0,23.006666666666664,30.0,32.04193548387098,23.006666666666664
9/1986,27.491656033333346,16.95639375,33.29310344827587,29.0,23.52413793103449,29.0,33.29310344827587,23.52413793103449
10/1986,27.39258325806452,17.196439983870963,33.47419354838709,31.0,24.177419354838708,31.0,33.47419354838709,24.177419354838708
11/1986,26.26458686666666,16.456471933333333,32.31666666666667,30.0,23.83666666666667,30.0,32.31666666666667,23.83666666666667
12/1986,27.010041419354835,17.15037667741935,32.57096774193548,31.0,23.783870967741947,31.0,32.57096774193548,23.783870967741947
1/1987,26.241795903225803,16.65696735483871,32.16129032258065,31.0,23.42258064516129,31.0,32.16129032258065,23.42258064516129
2/1987,28.718485285714284,18.507413714285715,33.503571428571426,28.0,23.917857142857148,28.0,33.503571428571426,23.917857142857148
3/1987,29.45086641935484,18.711317548387093,34.16774193548388,31.0,24.058064516129036,31.0,34.16774193548388,24.058064516129036
4/1987,26.622521999999996,17.182819999999996,,,,,26.622521999999996,17.182819999999996
5/1987,24.960723677419352,15.305368774193544,31.328571428571426,28.0,24.025806451612898,31.0,31.328571428571426,24.025806451612898
6/1987,25.155869899999995,15.684227333333332,31.02666666666667,30.0,23.72333333333334,30.0,31.02666666666667,23.72333333333334
7/1987,25.69987329032257,16.1709105,31.589655172413803,29.0,24.389655172413804,29.0,31.589655172413803,24.389655172413804
8/1987,26.77312838709677,16.083999548387094,32.78064516129032,31.0,24.149999999999995,12.0,32.78064516129032,24.149999999999995
9/1987,28.47972903333333,17.390751566666665,33.739999999999995,30.0,23.80333333333333,30.0,33.739999999999995,23.80333333333333
10/1987,29.737419451612894,18.65221183870968,34.935483870967744,31.0,24.22258064516129,31.0,34.935483870967744,24.22258064516129
11/1987,28.290836866666666,17.685959033333337,33.76666666666667,30.0,23.84333333333333,30.0,33.76666666666667,23.84333333333333
12/1987,26.622521999999996,17.182819999999996,,,,,26.622521999999996,17.182819999999996
1/1988,27.63165467741936,17.47468770967742,33.14,30.0,23.776666666666664,30.0,33.14,23.776666666666664
2/1988,28.397787206896552,18.130598448275855,33.622222222222206,27.0,23.737037037037037,27.0,33.622222222222206,23.737037037037037
3/1988,30.177560870967746,19.24407716129032,34.925806451612914,31.0,24.1,31.0,34.925806451612914,24.1
4/1988,29.63926843333333,19.470870833333333,34.44827586206896,29.0,24.93793103448275,29.0,34.44827586206896,24.93793103448275
5/1988,26.550035419354835,16.88033485483871,32.51333333333334,30.0,23.53333333333333,30.0,32.51333333333334,23.53333333333333
6/1988,22.29009963333333,14.085620500000005,29.84,30.0,21.730000000000004,30.0,29.84,21.730000000000004
7/1988,20.99646264516129,12.588237983870965,29.277419354838706,31.0,20.006451612903227,31.0,29.277419354838706,20.006451612903227
8/1988,26.622521999999996,17.182819999999996,,,,,26.622521999999996,17.182819999999996
9/1988,26.622521999999996,17.182819999999996,,,,,26.622521999999996,17.182819999999996
10/1988,28.40668732258064,18.004522096774192,33.21600000000001,25.0,23.21200000000001,25.0,33.21600000000001,23.21200000000001
11/1988,28.17977963333333,17.367971583333333,33.010000000000005,30.0,22.48333333333333,30.0,33.010000000000005,22.48333333333333
12/1988,26.622521999999996,17.182819999999996,,,,,26.622521999999996,17.182819999999996
1/1989,25.46096183870968,15.969487177419355,31.22580645161291,31.0,22.074193548387093,31.0,31.22580645161291,22.074193548387093
2/1989,26.710170999999995,16.071828357142856,31.757142857142853,28.0,21.717857142857138,28.0,31.757142857142853,21.717857142857138
3/1989,26.624582258064518,15.861937838709679,31.92258064516129,31.0,21.49032258064516,31.0,31.92258064516129,21.49032258064516
4/1989,28.587876,17.842708333333334,33.00333333333334,30.0,22.01999999999999,30.0,33.00333333333334,22.01999999999999
5/1989,25.167644774193548,14.756852161290322,30.509677419354844,31.0,21.354838709677416,31.0,30.509677419354844,21.354838709677416
6/1989,23.910168266666666,14.798353600000002,30.34999999999999,30.0,21.66333333333333,30.0,30.34999999999999,21.66333333333333
7/1989,23.56293361290322,14.776235370967742,30.090322580645164,31.0,21.664516129032254,31.0,30.090322580645164,21.664516129032254
8/1989,26.622521999999996,17.182819999999996,,,,,26.622521999999996,17.182819999999996
9/1989,26.622521999999996,17.182819999999996,,,,,26.622521999999996,17.182819999999996
10/1989,26.622521999999996,17.182819999999996,,,,,26.622521999999996,17.182819999999996
11/1989,26.622521999999996,17.182819999999996,,,,,26.622521999999996,17.182819999999996
12/1989,26.622521999999996,17.182819999999996,,,,,26.622521999999996,17.182819999999996
1/1990,26.622521999999996,17.182819999999996,,,,,26.622521999999996,17.182819999999996
2/1990,26.622521999999996,17.182819999999996,,,,,26.622521999999996,17.182819999999996
3/1990,26.622521999999996,17.182819999999996,,,,,26.622521999999996,17.182819999999996
4/1990,26.622521999999996,17.182819999999996,,,,,26.622521999999996,17.182819999999996
5/1990,26.622521999999996,17.182819999999996,,,,,26.622521999999996,17.182819999999996
6/1990,26.622521999999996,17.182819999999996,,,,,26.622521999999996,17.182819999999996
7/1990,26.622521999999996,17.182819999999996,,,,,26.622521999999996,17.182819999999996
8/1990,26.622521999999996,17.182819999999996,,,,,26.622521999999996,17.182819999999996
9/1990,26.622521999999996,17.182819999999996,,,,,26.622521999999996,17.182819999999996
10/1990,26.622521999999996,17.182819999999996,,,,,26.622521999999996,17.182819999999996
11/1990,26.622521999999996,17.182819999999996,,,,,26.622521999999996,17.182819999999996
12/1990,26.622521999999996,17.182819999999996,,,,,26.622521999999996,17.182819999999996
1/1991,26.622521999999996,17.182819999999996,,,,,26.622521999999996,17.182819999999996
2/1991,26.622521999999996,17.182819999999996,,,,,26.622521999999996,17.182819999999996
3/1991,26.622521999999996,17.182819999999996,,,,,26.622521999999996,17.182819999999996
4/1991,26.622521999999996,17.182819999999996,,,,,26.622521999999996,17.182819999999996
5/1991,26.622521999999996,17.182819999999996,,,,,26.622521999999996,17.182819999999996
6/1991,26.622521999999996,17.182819999999996,,,,,26.622521999999996,17.182819999999996
7/1991,26.622521999999996,17.182819999999996,,,,,26.622521999999996,17.182819999999996
8/1991,26.622521999999996,17.182819999999996,,,,,26.622521999999996,17.182819999999996
9/1991,26.622521999999996,17.182819999999996,,,,,26.622521999999996,17.182819999999996
10/1991,26.622521999999996,17.182819999999996,,,,,26.622521999999996,17.182819999999996
11/1991,26.622521999999996,17.182819999999996,,,,,26.622521999999996,17.182819999999996
12/1991,26.622521999999996,17.182819999999996,,,,,26.622521999999996,17.182819999999996
1/1992,26.622521999999996,17.182819999999996,,,,,26.622521999999996,17.182819999999996
2/1992,26.622521999999996,17.182819999999996,,,,,26.622521999999996,17.182819999999996
3/1992,26.622521999999996,17.182819999999996,,,,,26.622521999999996,17.182819999999996
4/1992,26.622521999999996,17.182819999999996,,,,,26.622521999999996,17.182819999999996
5/1992,26.622521999999996,17.182819999999996,,,,,26.622521999999996,17.182819999999996
6/1992,26.622521999999996,17.182819999999996,,,,,26.622521999999996,17.182819999999996
7/1992,26.622521999999996,17.182819999999996,,,,,26.622521999999996,17.182819999999996
8/1992,26.622521999999996,17.182819999999996,,,,,26.622521999999996,17.182819999999996
9/1992,26.622521999999996,17.182819999999996,,,,,26.622521999999996,17.182819999999996
10/1992,26.622521999999996,17.182819999999996,,,,,26.622521999999996,17.182819999999996
11/1992,26.622521999999996,17.182819999999996,,,,,26.622521999999996,17.182819999999996
12/1992,26.622521999999996,17.182819999999996,,,,,26.622521999999996,17.182819999999996
1/1993,28.21126580645161,18.302594112903225,32.65806451612904,31.0,23.896774193548378,31.0,32.65806451612904,23.896774193548378
2/1993,28.189550642857146,18.23669375,32.910714285714285,28.0,24.15357142857143,28.0,32.910714285714285,24.15357142857143
3/1993,27.808135161290327,17.93981603225807,32.590322580645164,31.0,23.92580645161291,31.0,32.590322580645164,23.92580645161291
4/1993,28.233408300000004,18.3797249,32.44333333333333,30.0,23.936666666666664,30.0,32.44333333333333,23.936666666666664
5/1993,26.179871483870965,16.828524145161285,30.893548387096768,31.0,23.016129032258053,31.0,30.893548387096768,23.016129032258053
6/1993,25.89354893333333,16.27483516666667,30.665517241379305,29.0,22.76206896551724,29.0,30.665517241379305,22.76206896551724
7/1993,25.817721354838714,16.65695990322581,30.706451612903233,31.0,23.23225806451613,31.0,30.706451612903233,23.23225806451613
8/1993,26.613584225806452,17.19176925806451,,,,,26.613584225806452,17.19176925806451
9/1993,26.622521999999996,17.182819999999996,,,,,26.622521999999996,17.182819999999996
10/1993,26.622521999999996,17.182819999999996,,,,,26.622521999999996,17.182819999999996
11/1993,26.622521999999996,17.182819999999996,,,,,26.622521999999996,17.182819999999996
12/1993,25.419396677419357,17.476702967741936,,,24.006451612903234,31.0,25.419396677419357,24.006451612903234
1/1994,24.88455064516129,17.46416429032258,,,24.19677419354839,31.0,24.88455064516129,24.19677419354839
2/1994,27.774493250000006,18.267826857142857,33.04615384615384,26.0,23.960714285714282,28.0,33.04615384615384,23.960714285714282
3/1994,28.623605935483862,18.999653870967744,33.2483870967742,31.0,24.180645161290325,31.0,33.2483870967742,24.180645161290325
4/1994,28.163408966666665,20.357452166666665,33.516666666666666,30.0,24.36666666666667,30.0,33.516666666666666,24.36666666666667
5/1994,26.09998535483871,17.20332398387097,31.10322580645161,31.0,23.59032258064516,31.0,31.10322580645161,23.59032258064516
6/1994,25.50939606666667,16.906700766666663,31.20333333333333,30.0,23.230000000000004,30.0,31.20333333333333,23.230000000000004
7/1994,24.945335193548388,15.764575645161296,30.66451612903225,31.0,23.029032258064518,31.0,30.66451612903225,23.029032258064518
8/1994,25.53152183870968,17.125733548387096,31.664516129032254,31.0,23.032258064516128,31.0,31.664516129032254,23.032258064516128
9/1994,28.64591543333334,18.587320966666674,33.099999999999994,30.0,24.426666666666666,30.0,33.099999999999994,24.426666666666666
10/1994,27.906956516129032,18.46080835483871,33.3483870967742,31.0,24.029032258064515,31.0,33.3483870967742,24.029032258064515
11/1994,28.89592970000001,20.064335566666664,33.73333333333334,30.0,24.49,30.0,33.73333333333334,24.49
12/1994,28.451693387096768,18.570609774193553,32.941935483870964,31.0,24.0516129032258,31.0,32.941935483870964,24.0516129032258
1/1995,27.84605222580645,18.551685096774193,33.21935483870968,31.0,23.77741935483871,31.0,33.21935483870968,23.77741935483871
2/1995,29.51916657142857,19.77923542857143,34.232142857142854,28.0,24.1,28.0,34.232142857142854,24.1
3/1995,29.5268360967742,19.355505080645163,34.07096774193548,31.0,24.04516129032258,31.0,34.07096774193548,24.04516129032258
4/1995,29.460697,19.735903699999998,34.146666666666654,30.0,24.84666666666667,30.0,34.146666666666654,24.84666666666667
5/1995,26.632832451612906,17.18288087096774,31.87741935483871,31.0,23.735483870967744,31.0,31.87741935483871,23.735483870967744
6/1995,25.45633623333334,16.659236283333332,31.243333333333336,30.0,23.299999999999994,30.0,31.243333333333336,23.299999999999994
7/1995,26.53269683870968,16.492876870967745,31.29032258064516,31.0,23.274193548387093,31.0,31.29032258064516,23.274193548387093
8/1995,28.26985732258064,17.654355193548387,32.9032258064516,31.0,23.89677419354839,31.0,32.9032258064516,23.89677419354839
9/1995,26.6132863,17.192067566666662,,,,,26.6132863,17.192067566666662
10/1995,26.622521999999996,17.182819999999996,,,,,26.622521999999996,17.182819999999996
11/1995,26.622521999999996,17.182819999999996,,,,,26.622521999999996,17.182819999999996
12/1995,26.622521999999996,17.182819999999996,,,,,26.622521999999996,17.182819999999996
1/1996,27.41473909677419,17.745553193548385,32.60434782608696,23.0,23.608695652173914,23.0,32.60434782608696,23.608695652173914
2/1996,28.069507137931037,17.981341827586203,32.79310344827588,29.0,23.73793103448276,29.0,32.79310344827588,23.73793103448276
3/1996,24.33917222580645,14.87071203225806,34.20645161290323,31.0,24.49032258064516,31.0,34.20645161290323,24.49032258064516
4/1996,29.22338216666667,18.620196766666666,34.227586206896554,29.0,24.37586206896552,29.0,34.227586206896554,24.37586206896552
5/1996,24.877096580645162,17.03856151612903,31.393548387096768,31.0,23.12903225806452,31.0,31.393548387096768,23.12903225806452
6/1996,23.14371653333333,16.191153133333334,29.32,30.0,22.626666666666665,30.0,29.32,22.626666666666665
7/1996,24.509364612903227,15.177757016129036,29.31290322580645,31.0,22.241935483870968,31.0,29.31290322580645,22.241935483870968
8/1996,27.132609741935486,16.362143403225804,32.39354838709678,31.0,22.674193548387095,31.0,32.39354838709678,22.674193548387095
9/1996,29.09937556666667,18.11054846666667,33.86666666666668,30.0,23.923333333333346,30.0,33.86666666666668,23.923333333333346
10/1996,30.415245677419357,19.305837838709675,35.05483870967742,31.0,24.54516129032258,31.0,35.05483870967742,24.54516129032258
11/1996,29.72864186666667,19.07402776666667,34.230000000000004,30.0,24.2,30.0,34.230000000000004,24.2
12/1996,30.224847709677416,19.3823400967742,34.325806451612905,31.0,24.01612903225807,31.0,34.325806451612905,24.01612903225807
1/1997,29.166736193548388,18.796642645161292,33.351612903225806,31.0,24.251612903225805,31.0,33.351612903225806,24.251612903225805
2/1997,26.475163428571424,17.540645464285713,32.042857142857144,28.0,23.482142857142854,28.0,32.042857142857144,23.482142857142854
3/1997,29.04199051612904,18.844196354838708,33.89032258064517,31.0,24.258064516129032,31.0,33.89032258064517,24.258064516129032
4/1997,28.76284636666667,19.104482266666665,33.74666666666666,30.0,24.42,30.0,33.74666666666666,24.42
5/1997,26.780520451612897,17.776308967741933,31.786666666666665,30.0,23.75333333333333,30.0,31.786666666666665,23.75333333333333
6/1997,26.7519902,18.315480783333328,31.416666666666664,30.0,23.776666666666674,30.0,31.416666666666664,23.776666666666674
7/1997,25.446145903225798,16.316361064516133,30.75333333333333,30.0,23.16666666666667,30.0,30.75333333333333,23.16666666666667
8/1997,27.857376096774196,17.879636161290325,32.47096774193549,31.0,23.8,31.0,32.47096774193549,23.8
9/1997,31.517641966666666,20.657431733333333,34.95333333333333,30.0,25.34000000000001,30.0,34.95333333333333,25.34000000000001
10/1997,32.05003058064516,20.67720670967742,36.19310344827585,29.0,26.075862068965517,29.0,36.19310344827585,26.075862068965517
11/1997,30.832624733333336,20.676604866666672,34.78666666666667,30.0,25.513333333333332,30.0,34.78666666666667,25.513333333333332
12/1997,27.61183835483871,18.902360225806454,32.219354838709684,31.0,24.21290322580646,31.0,32.219354838709684,24.21290322580646
1/1998,30.182460677419357,19.349061290322574,34.41290322580646,31.0,24.045161290322586,31.0,34.41290322580646,24.045161290322586
2/1998,31.57771921428571,21.132865821428567,35.85000000000001,28.0,26.035714285714285,28.0,35.85000000000001,26.035714285714285
3/1998,31.761405483870963,21.288124161290323,36.09032258064516,31.0,25.838709677419352,31.0,36.09032258064516,25.838709677419352
4/1998,28.56423273333333,19.367113533333328,33.67333333333334,30.0,24.753333333333334,30.0,33.67333333333334,24.753333333333334
5/1998,26.47174470967742,17.769341612903226,32.145161290322584,31.0,24.32903225806452,31.0,32.145161290322584,24.32903225806452
6/1998,25.17401343333334,17.336111399999997,31.613333333333333,30.0,23.52,30.0,31.613333333333333,23.52
7/1998,25.76030174193548,16.556738145161287,31.877419354838704,31.0,23.43225806451613,31.0,31.877419354838704,23.43225806451613
8/1998,28.204243419354835,18.08522664516129,33.225806451612904,31.0,24.37419354838709,31.0,33.225806451612904,24.37419354838709
9/1998,29.15496303333333,18.919731866666666,34.16,30.0,24.82,30.0,34.16,24.82
10/1998,30.021433032258052,19.7173354516129,35.14193548387097,31.0,25.35483870967742,31.0,35.14193548387097,25.35483870967742
11/1998,29.7045868,19.616307666666668,34.78666666666666,30.0,25.22666666666667,30.0,34.78666666666666,25.22666666666667
12/1998,29.325480096774196,18.79787666129032,34.56129032258064,31.0,24.793548387096767,31.0,34.56129032258064,24.793548387096767
1/1999,26.942487225806452,17.72321174193548,32.683870967741946,31.0,24.10322580645161,31.0,32.683870967741946,24.10322580645161
2/1999,26.887639464285712,18.01428057142857,32.871428571428574,28.0,23.857142857142858,28.0,32.871428571428574,23.857142857142858
3/1999,27.839241677419356,18.305851903225808,33.41290322580646,31.0,24.29677419354838,31.0,33.41290322580646,24.29677419354838
4/1999,26.144024066666667,17.350018700000003,32.16666666666667,30.0,23.726666666666667,30.0,32.16666666666667,23.726666666666667
5/1999,25.85093538709677,16.875195903225812,32.11612903225806,31.0,23.41290322580645,31.0,32.11612903225806,23.41290322580645
6/1999,20.76561066666666,12.661027783333333,31.40666666666667,30.0,23.411764705882355,17.0,31.40666666666667,23.411764705882355
7/1999,22.934088774193558,14.855565306451615,31.061290322580646,31.0,22.873333333333324,30.0,31.061290322580646,22.873333333333324
8/1999,24.57211135483871,15.570496709677426,31.993548387096766,31.0,23.21290322580645,31.0,31.993548387096766,23.21290322580645
9/1999,27.97745173333334,17.557822266666665,35.216666666666654,30.0,24.266666666666666,30.0,35.216666666666654,24.266666666666666
10/1999,28.138475967741943,17.036501645161287,36.741935483870975,31.0,24.025806451612908,31.0,36.741935483870975,24.025806451612908
11/1999,30.02570123333333,18.593916916666664,38.03333333333333,30.0,24.33333333333333,30.0,38.03333333333333,24.33333333333333
12/1999,28.25373758064516,19.027833225806454,33.50322580645161,31.0,24.729032258064514,31.0,33.50322580645161,24.729032258064514
1/2000,26.472095806451613,17.66291741935484,32.264516129032266,31.0,24.032258064516128,31.0,32.264516129032266,24.032258064516128
2/2000,26.34788075862069,16.823764862068966,32.48275862068966,29.0,23.551724137931036,29.0,32.48275862068966,23.551724137931036
3/2000,27.062855032258067,17.552558451612903,33.0774193548387,31.0,23.941935483870967,31.0,33.0774193548387,23.941935483870967
4/2000,25.248576900000003,16.833611366666666,31.393103448275863,29.0,23.531034482758614,29.0,31.393103448275863,23.531034482758614
5/2000,24.629565193548387,15.6153179516129,31.283870967741933,31.0,23.12903225806452,31.0,31.283870967741933,23.12903225806452
6/2000,25.96947153333333,17.47923956666667,30.885714285714283,7.0,23.48,30.0,30.885714285714283,23.48
7/2000,25.672606032258066,16.88148975806451,31.93846153846154,13.0,22.90645161290323,31.0,31.93846153846154,22.90645161290323
8/2000,26.35825325806452,16.27569341935484,33.19333333333333,30.0,23.286666666666665,30.0,33.19333333333333,23.286666666666665
9/2000,28.21496176666667,17.489593549999995,34.32,30.0,23.92666666666667,30.0,34.32,23.92666666666667
10/2000,28.385300032258066,18.235253951612908,34.1225806451613,31.0,24.10322580645161,31.0,34.1225806451613,24.10322580645161
11/2000,28.241386100000003,18.294690133333333,34.00000000000001,30.0,24.013333333333332,30.0,34.00000000000001,24.013333333333332
12/2000,25.80010080645161,17.330653806451608,32.42666666666666,15.0,23.49677419354839,31.0,32.42666666666666,23.49677419354839
1/2001,25.80025838709677,16.87965825806451,33.46666666666667,6.0,23.07741935483871,31.0,33.46666666666667,23.07741935483871
2/2001,26.331695500000002,17.026497642857144,33.26470588235295,17.0,23.439285714285717,28.0,33.26470588235295,23.439285714285717
3/2001,25.007343387096768,16.419825709677422,,,24.019354838709678,31.0,25.007343387096768,24.019354838709678
4/2001,26.5159957,17.393046333333334,34.292857142857144,14.0,24.35333333333332,30.0,34.292857142857144,24.35333333333332
5/2001,25.856735451612906,16.69342061290322,31.809677419354845,31.0,23.335483870967746,31.0,31.809677419354845,23.335483870967746
6/2001,24.27485733333333,14.77506403333333,30.648275862068967,29.0,22.689655172413786,29.0,30.648275862068967,22.689655172413786
7/2001,24.850507741935488,15.421632403225805,31.774193548387093,31.0,22.983870967741932,31.0,31.774193548387093,22.983870967741932
8/2001,25.90257380645162,15.694594354838712,32.29666666666667,30.0,22.913333333333327,30.0,32.29666666666667,22.913333333333327
9/2001,27.712252600000006,17.341900733333333,33.69,30.0,23.82333333333333,30.0,33.69,23.82333333333333
10/2001,29.64988677419355,18.395114709677415,35.40967741935484,31.0,24.76774193548387,31.0,35.40967741935484,24.76774193548387
11/2001,30.73034340000001,18.801725199999996,35.04,30.0,24.526666666666664,30.0,35.04,24.526666666666664
12/2001,29.03369690322581,18.827748193548388,34.36333333333334,30.0,24.729999999999986,30.0,34.36333333333334,24.729999999999986
1/2002,29.03438725806452,17.934366064516137,34.445161290322574,31.0,24.18709677419355,31.0,34.445161290322574,24.18709677419355
2/2002,28.905677607142863,18.666929928571427,34.103571428571435,28.0,24.592857142857138,28.0,34.103571428571435,24.592857142857138
3/2002,29.713189806451613,19.15567512903226,34.87096774193548,31.0,24.66451612903225,31.0,34.87096774193548,24.66451612903225
4/2002,26.816396,17.503322299999994,33.183333333333344,30.0,23.52333333333333,30.0,33.183333333333344,23.52333333333333
5/2002,25.53632525806452,16.709945177419353,31.980645161290326,31.0,23.52258064516129,31.0,31.980645161290326,23.52258064516129
6/2002,24.714266266666666,15.079372000000005,30.567857142857147,28.0,22.439999999999994,25.0,30.567857142857147,22.439999999999994
7/2002,26.34691616129032,16.14216266129032,32.21,30.0,23.454838709677425,31.0,32.21,23.454838709677425
8/2002,26.786627451612908,16.583771838709676,32.54193548387097,31.0,23.53870967741936,31.0,32.54193548387097,23.53870967741936
9/2002,29.69435906666667,18.396868933333334,35.37000000000001,30.0,24.316666666666666,30.0,35.37000000000001,24.316666666666666
10/2002,29.96187741935484,18.689763709677425,36.035714285714285,28.0,24.78928571428571,28.0,36.035714285714285,24.78928571428571
11/2002,29.5191227,18.403362933333327,35.54,30.0,24.790000000000006,30.0,35.54,24.790000000000006
12/2002,28.30497016129032,18.273562580645155,33.66129032258065,31.0,24.36774193548387,31.0,33.66129032258065,24.36774193548387
1/2003,28.922307741935487,18.233089516129034,34.26333333333333,30.0,24.07,30.0,34.26333333333333,24.07
2/2003,29.685076642857148,18.702333678571428,34.714285714285715,28.0,24.267857142857142,28.0,34.714285714285715,24.267857142857142
3/2003,30.904584161290327,19.608037774193548,35.332258064516125,31.0,24.480645161290315,31.0,35.332258064516125,24.480645161290315
4/2003,29.32263903333333,18.694484483333326,34.385714285714286,28.0,24.26666666666667,30.0,34.385714285714286,24.26666666666667
5/2003,26.873508032258073,16.966378596774188,31.79354838709678,31.0,23.20967741935484,31.0,31.79354838709678,23.20967741935484
6/2003,27.781449433333343,17.007723600000002,32.99666666666666,30.0,23.05333333333333,30.0,32.99666666666666,23.05333333333333
7/2003,27.532336290322586,16.696321709677417,32.64516129032259,31.0,22.387096774193548,31.0,32.64516129032259,22.387096774193548
8/2003,27.748689451612908,16.78201906451613,33.60967741935484,31.0,23.203225806451613,31.0,33.60967741935484,23.203225806451613
9/2003,27.404209166666664,16.462142333333333,33.67999999999999,30.0,23.43,30.0,33.67999999999999,23.43
10/2003,28.61860770967743,17.71924774193548,34.316129032258054,31.0,24.025806451612898,31.0,34.316129032258054,24.025806451612898
11/2003,28.9459109,17.9258406,34.74666666666668,30.0,23.80333333333333,30.0,34.74666666666668,23.80333333333333
12/2003,29.36123116129032,18.403070967741925,34.81935483870968,31.0,23.61935483870968,31.0,34.81935483870968,23.61935483870968
1/2004,29.228085516129035,18.277272,34.57741935483871,31.0,23.66451612903225,31.0,34.57741935483871,23.66451612903225
2/2004,28.975010137931047,17.919177137931033,34.62068965517241,29.0,23.568965517241374,29.0,34.62068965517241,23.568965517241374
3/2004,29.239289225806452,18.575527193548385,34.49677419354839,31.0,23.95483870967742,31.0,34.49677419354839,23.95483870967742
4/2004,28.95288516666667,18.0791483,34.28333333333333,30.0,23.64999999999999,30.0,34.28333333333333,23.64999999999999
5/2004,26.248441451612912,15.823689612903225,32.0483870967742,31.0,22.800000000000008,31.0,32.0483870967742,22.800000000000008
6/2004,26.136009500000004,15.244536783333334,32.18333333333333,30.0,22.156666666666673,30.0,32.18333333333333,22.156666666666673
7/2004,25.602263290322586,14.851566129032259,31.716129032258067,31.0,21.90967741935483,31.0,31.716129032258067,21.90967741935483
8/2004,26.38402509677419,15.999124870967744,32.72258064516129,31.0,23.674193548387088,31.0,32.72258064516129,23.674193548387088
9/2004,27.559993300000002,16.965657366666665,33.62666666666667,30.0,24.18666666666667,30.0,33.62666666666667,24.18666666666667
10/2004,28.20265735483871,17.48498658064516,33.993548387096766,31.0,24.090322580645164,31.0,33.993548387096766,24.090322580645164
11/2004,30.630879266666664,19.830679033333336,35.586666666666666,30.0,25.22333333333333,30.0,35.586666666666666,25.22333333333333
12/2004,29.921444903225797,19.24112774193549,35.21290322580646,31.0,25.125806451612895,31.0,35.21290322580646,25.125806451612895
1/2005,29.018030387096772,18.67587893548387,34.43548387096775,31.0,24.91290322580645,31.0,34.43548387096775,24.91290322580645
2/2005,28.30888667857143,18.135521107142857,33.64285714285714,28.0,24.34642857142857,28.0,33.64285714285714,24.34642857142857
3/2005,29.362158129032256,19.126315903225805,34.41612903225807,31.0,25.138709677419357,31.0,34.41612903225807,25.138709677419357
4/2005,27.31132436666666,17.550169666666665,32.67666666666667,30.0,24.33333333333333,30.0,32.67666666666667,24.33333333333333
5/2005,26.209157677419356,16.4953914516129,31.706451612903233,31.0,23.696774193548396,31.0,31.706451612903233,23.696774193548396
6/2005,27.14974783333333,16.84542726666667,32.82333333333334,30.0,24.02000000000001,30.0,32.82333333333334,24.02000000000001
7/2005,25.415083193548394,15.48015412903226,31.867741935483874,31.0,23.02258064516129,31.0,31.867741935483874,23.02258064516129
8/2005,26.596866161290325,16.122742258064513,33.1741935483871,31.0,23.62580645161291,31.0,33.1741935483871,23.62580645161291
9/2005,28.875980600000005,17.86665206666667,34.669999999999995,30.0,24.27,30.0,34.669999999999995,24.27
10/2005,29.34722583870968,18.431804709677422,35.566666666666656,27.0,24.71481481481481,27.0,35.566666666666656,24.71481481481481
11/2005,28.92449803333333,18.509665333333327,34.96071428571428,28.0,25.2037037037037,27.0,34.96071428571428,25.2037037037037
12/2005,28.834638096774203,18.088734129032254,35.216129032258074,31.0,24.835483870967746,31.0,35.216129032258074,24.835483870967746
1/2006,27.08547067741936,16.94576656451613,33.30967741935483,31.0,24.08709677419355,31.0,33.30967741935483,24.08709677419355
2/2006,27.980476678571428,17.58388075,33.607407407407415,27.0,24.47777777777777,27.0,33.607407407407415,24.47777777777777
3/2006,29.26323290322581,18.501876580645163,34.43870967741936,31.0,25.041935483870965,31.0,34.43870967741936,25.041935483870965
4/2006,29.07773243333333,18.3915853,34.41333333333333,30.0,24.596551724137946,29.0,34.41333333333333,24.596551724137946
5/2006,24.78206158064517,16.072574935483868,31.161290322580637,31.0,23.62258064516129,31.0,31.161290322580637,23.62258064516129
6/2006,25.115164766666666,15.320401983333333,31.9,30.0,23.35666666666667,30.0,31.9,23.35666666666667
7/2006,25.72181419354839,15.36124503225807,31.95806451612903,31.0,23.196774193548393,31.0,31.95806451612903,23.196774193548393
8/2006,27.583473903225805,17.09811759677419,33.65806451612903,31.0,24.219354838709673,31.0,33.65806451612903,24.219354838709673
9/2006,28.55431663333333,17.6548172,34.879999999999995,30.0,24.53666666666667,30.0,34.879999999999995,24.53666666666667
10/2006,30.00377477419355,18.57823725806452,35.956666666666656,30.0,25.11666666666667,30.0,35.956666666666656,25.11666666666667
11/2006,28.8332614,18.2105158,34.196666666666665,30.0,24.49,30.0,34.196666666666665,24.49
12/2006,29.053495903225805,18.420399290322585,34.71612903225806,31.0,24.596774193548388,31.0,34.71612903225806,24.596774193548388
1/2007,28.59808277419355,18.598799000000003,34.474193548387106,31.0,24.980645161290322,31.0,34.474193548387106,24.980645161290322
2/2007,30.14818342857143,17.85446042857143,35.64642857142856,28.0,24.646428571428572,28.0,35.64642857142856,24.646428571428572
3/2007,29.160183258064517,18.011533677419354,35.1225806451613,31.0,24.73225806451613,31.0,35.1225806451613,24.73225806451613
4/2007,27.30695163333333,17.285939283333335,33.63333333333334,30.0,24.55666666666667,30.0,33.63333333333334,24.55666666666667
5/2007,26.2877689032258,16.572593677419356,32.38387096774193,31.0,24.11612903225806,31.0,32.38387096774193,24.11612903225806
6/2007,25.497100333333336,15.609729383333335,31.88333333333333,30.0,23.42666666666667,30.0,31.88333333333333,23.42666666666667
7/2007,26.695324774193548,16.121987919354837,33.138709677419364,31.0,23.60967741935484,31.0,33.138709677419364,23.60967741935484
8/2007,25.65641590322581,15.243163290322585,32.783870967741926,31.0,23.548387096774192,31.0,32.783870967741926,23.548387096774192
9/2007,27.831623733333334,16.985931716666666,34.60333333333334,30.0,24.30333333333333,30.0,34.60333333333334,24.30333333333333
10/2007,28.667920193548387,17.77465012903226,35.04516129032257,31.0,24.3,31.0,35.04516129032257,24.3
11/2007,29.927856200000004,18.60574653333334,35.50344827586206,29.0,24.92857142857143,28.0,35.50344827586206,24.92857142857143
12/2007,26.84053370967741,17.013446709677414,33.83548387096773,31.0,24.21935483870968,31.0,33.83548387096773,24.21935483870968
1/2008,27.15970061290323,16.966101322580645,33.55806451612903,31.0,23.87096774193548,31.0,33.55806451612903,23.87096774193548
2/2008,27.049178827586196,16.727533586206896,33.55172413793103,29.0,24.200000000000006,29.0,33.55172413793103,24.200000000000006
3/2008,27.750133741935482,17.13654564516129,34.10322580645162,31.0,23.99677419354839,31.0,34.10322580645162,23.99677419354839
4/2008,28.62188096666666,17.817774466666666,34.73333333333333,30.0,24.743333333333336,30.0,34.73333333333333,24.743333333333336
5/2008,25.93475596774193,16.159627467741934,32.93225806451613,31.0,23.86774193548387,31.0,32.93225806451613,23.86774193548387
6/2008,25.3009181,15.208408383333332,31.98,30.0,23.49,30.0,31.98,23.49
7/2008,25.18282554838709,14.484540725806458,32.232258064516124,31.0,22.96129032258064,31.0,32.232258064516124,22.96129032258064
8/2008,27.421384999999997,16.86910270967742,33.96451612903225,31.0,23.97741935483871,31.0,33.96451612903225,23.97741935483871
9/2008,28.521197400000005,18.067270800000003,34.727586206896554,29.0,24.50333333333333,30.0,34.727586206896554,24.50333333333333
10/2008,28.788355967741943,17.864107741935488,35.2,31.0,24.63225806451613,31.0,35.2,24.63225806451613
11/2008,28.846065033333346,18.182909633333335,35.083333333333336,30.0,24.872413793103448,29.0,35.083333333333336,24.872413793103448
12/2008,27.408389677419354,17.155770548387096,33.729032258064535,31.0,24.38387096774194,31.0,33.729032258064535,24.38387096774194
1/2009,26.432654451612912,17.013082967741934,32.809677419354834,31.0,24.203225806451613,31.0,32.809677419354834,24.203225806451613
2/2009,27.228046499999994,17.085261357142855,33.392857142857146,28.0,24.182142857142853,28.0,33.392857142857146,24.182142857142853
3/2009,29.30904835483871,18.338594580645164,34.96774193548386,31.0,24.73548387096775,31.0,34.96774193548386,24.73548387096775
4/2009,29.560902399999996,18.718792099999995,34.88,30.0,24.83333333333333,30.0,34.88,24.83333333333333
5/2009,29.612794903225797,18.563682999999997,35.45357142857141,28.0,25.02857142857143,28.0,35.45357142857141,25.02857142857143
6/2009,26.993293266666665,17.054689933333336,32.81333333333334,30.0,23.630000000000006,30.0,32.81333333333334,23.630000000000006
7/2009,27.00729993548387,15.802016661290324,33.512903225806454,31.0,23.50322580645161,31.0,33.512903225806454,23.50322580645161
8/2009,28.78055706451613,17.835794322580647,34.84516129032257,31.0,24.49677419354839,31.0,34.84516129032257,24.49677419354839
9/2009,30.538833899999997,18.68868253333333,36.68666666666665,30.0,25.16333333333333,30.0,36.68666666666665,25.16333333333333
10/2009,30.48223603225807,18.82728777419355,36.932258064516134,31.0,25.370967741935488,31.0,36.932258064516134,25.370967741935488
11/2009,30.41018970000001,18.908045866666672,35.996666666666655,30.0,25.5448275862069,29.0,35.996666666666655,25.5448275862069
12/2009,28.367204000000005,17.726751677419355,34.20645161290323,31.0,24.693548387096786,31.0,34.20645161290323,24.693548387096786
1/2010,28.132860838709675,17.309938709677425,34.13225806451613,31.0,24.245161290322574,31.0,34.13225806451613,24.245161290322574
2/2010,29.650252892857146,18.408385964285713,35.292857142857144,28.0,24.65357142857143,28.0,35.292857142857144,24.65357142857143
3/2010,29.91543422580645,18.75742403225807,35.58709677419355,31.0,25.36774193548388,31.0,35.58709677419355,25.36774193548388
4/2010,27.08912596666668,17.102307866666667,33.57666666666666,30.0,24.51,30.0,33.57666666666666,24.51
5/2010,26.48310183870968,16.99001432258065,32.7,31.0,24.283870967741933,31.0,32.7,24.283870967741933
6/2010,26.590320833333333,15.858256033333333,33.17999999999999,30.0,23.613333333333333,30.0,33.17999999999999,23.613333333333333
7/2010,25.615079419354835,14.602490645161291,32.629032258064534,31.0,23.10967741935484,31.0,32.629032258064534,23.10967741935484
8/2010,26.030808612903233,15.052922419354838,33.05161290322581,31.0,22.94193548387096,31.0,33.05161290322581,22.94193548387096
9/2010,26.80821573333333,16.864179133333334,32.98260869565217,23.0,24.73,30.0,32.98260869565217,24.73
10/2010,24.705743387096767,16.39324088709677,,,25.029999999999994,30.0,24.705743387096767,25.029999999999994
11/2010,26.6189,16.74298951666667,34.084,25.0,24.42,30.0,34.084,24.42
12/2010,27.034809258064517,16.81576380645161,33.725806451612904,31.0,24.43225806451613,31.0,33.725806451612904,24.43225806451613
1/2011,26.669905806451613,16.116743548387095,33.34193548387096,31.0,23.89032258064516,31.0,33.34193548387096,23.89032258064516
2/2011,27.79036907142857,17.431189196428573,34.37499999999999,28.0,24.678571428571434,28.0,34.37499999999999,24.678571428571434
3/2011,26.4324010967742,16.392413548387097,33.11290322580644,31.0,24.054838709677416,31.0,33.11290322580644,24.054838709677416
4/2011,27.752142000000006,17.347558433333333,34.21,30.0,24.5,30.0,34.21,24.5
5/2011,25.28754251612904,15.962756112903225,31.97741935483872,31.0,23.777419354838706,31.0,31.97741935483872,23.777419354838706
6/2011,25.87337183333333,16.08709556666667,32.718518518518515,27.0,23.88148148148148,27.0,32.718518518518515,23.88148148148148
7/2011,26.716618096774198,16.31061141935484,33.270967741935486,31.0,24.041935483870958,31.0,33.270967741935486,24.041935483870958
8/2011,27.644821709677423,16.500322241935486,34.60645161290322,31.0,24.04193548387097,31.0,34.60645161290322,24.04193548387097
9/2011,28.44279766666667,17.504052350000002,35.23333333333333,30.0,24.64333333333333,30.0,35.23333333333333,24.64333333333333
10/2011,28.567912290322575,17.378172129032258,35.02580645161291,31.0,24.570967741935483,31.0,35.02580645161291,24.570967741935483
11/2011,28.25321246666666,17.75921265,34.68666666666666,30.0,24.75666666666667,30.0,34.68666666666666,24.75666666666667
12/2011,28.499477806451623,17.93216454838709,34.61290322580645,31.0,24.63548387096775,31.0,34.61290322580645,24.63548387096775
1/2012,27.487738580645157,17.112959338709675,33.95806451612903,31.0,24.558064516129033,31.0,33.95806451612903,24.558064516129033
2/2012,27.160515482758623,16.759977620689654,33.403448275862075,29.0,24.14482758620689,29.0,33.403448275862075,24.14482758620689
3/2012,27.56316016129032,17.093625967741932,34.119354838709675,31.0,24.454838709677425,31.0,34.119354838709675,24.454838709677425
4/2012,26.37744543333333,16.633266933333335,33.06666666666667,30.0,24.290000000000006,30.0,33.06666666666667,24.290000000000006
5/2012,26.655031935483876,16.378216677419356,32.735483870967734,31.0,23.883870967741935,31.0,32.735483870967734,23.883870967741935
6/2012,27.15124383333333,16.73729516666667,33.230000000000004,30.0,24.233333333333345,30.0,33.230000000000004,24.233333333333345
7/2012,25.774438258064517,15.309952838709679,32.329032258064515,31.0,23.722580645161287,31.0,32.329032258064515,23.722580645161287
8/2012,25.786594,15.246816774193544,33.0516129032258,31.0,23.764516129032256,31.0,33.0516129032258,23.764516129032256
9/2012,28.832809166666664,17.531226933333336,35.49333333333335,30.0,24.60666666666667,30.0,35.49333333333335,24.60666666666667
10/2012,30.25238803225807,18.802750935483875,36.380645161290325,31.0,25.419354838709673,31.0,36.380645161290325,25.419354838709673
11/2012,30.3611244,18.716356999999995,36.51333333333333,30.0,24.993333333333336,30.0,36.51333333333333,24.993333333333336
12/2012,28.126268774193555,17.722054483870963,34.183870967741946,31.0,24.690322580645162,31.0,34.183870967741946,24.690322580645162
1/2013,29.225192870967746,18.307249677419353,34.958064516129035,31.0,25.00967741935484,31.0,34.958064516129035,25.00967741935484
2/2013,27.462336857142855,17.25643517857143,33.98571428571428,28.0,24.521428571428586,28.0,33.98571428571428,24.521428571428586
3/2013,29.036368741935483,18.16561161290323,35.0774193548387,31.0,25.216129032258067,31.0,35.0774193548387,25.216129032258067
4/2013,28.07291973333333,17.504716533333333,34.44333333333333,30.0,25.02333333333333,30.0,34.44333333333333,25.02333333333333
5/2013,26.25175377419355,16.511375419354838,32.50645161290322,31.0,24.274193548387093,31.0,32.50645161290322,24.274193548387093
6/2013,27.00924700000001,16.74309763333333,33.35,30.0,24.44333333333333,30.0,33.35,24.44333333333333
7/2013,26.020027677419357,16.025853048387102,32.6,31.0,23.77419354838709,31.0,32.6,23.77419354838709
8/2013,26.111058096774197,15.69032940322581,32.69354838709677,31.0,23.75806451612902,31.0,32.69354838709677,23.75806451612902
9/2013,28.518467366666666,17.451639433333334,35.02,30.0,24.54333333333333,30.0,35.02,24.54333333333333
10/2013,29.39402329032258,18.02370867741936,35.648387096774194,31.0,24.68709677419356,31.0,35.648387096774194,24.68709677419356
11/2013,28.509512033333333,17.82051835,34.97333333333333,30.0,24.58333333333333,30.0,34.97333333333333,24.58333333333333
12/2013,27.97631806451613,17.845714451612906,34.1,31.0,24.87741935483871,31.0,34.1,24.87741935483871
1/2014,28.441042516129038,17.588657838709675,34.583870967741944,31.0,24.39677419354839,31.0,34.583870967741944,24.39677419354839
2/2014,28.629708607142852,17.67175817857143,34.582142857142856,28.0,24.535714285714285,28.0,34.582142857142856,24.535714285714285
3/2014,29.257335548387093,18.28627303225807,35.167741935483875,31.0,25.22258064516129,31.0,35.167741935483875,25.22258064516129
4/2014,28.754179,18.1680397,34.19666666666667,30.0,24.696666666666676,30.0,34.19666666666667,24.696666666666676
5/2014,29.29766377419355,18.395223548387094,34.9225806451613,31.0,25.067857142857147,28.0,34.9225806451613,25.067857142857147
6/2014,25.9940087,16.24191988333333,32.46551724137932,29.0,24.21666666666666,30.0,32.46551724137932,24.21666666666666
7/2014,27.329338032258057,16.768328935483872,32.983870967741936,31.0,23.82,30.0,32.983870967741936,23.82
8/2014,26.59798858064516,16.454044677419354,33.26333333333333,30.0,24.38064516129032,31.0,33.26333333333333,24.38064516129032
9/2014,30.70301653333333,18.363871666666668,36.15666666666667,30.0,24.95666666666667,30.0,36.15666666666667,24.95666666666667
10/2014,29.455416193548388,18.192642177419355,35.529032258064525,31.0,24.96129032258064,31.0,35.529032258064525,24.96129032258064
11/2014,29.47611053333333,18.37196466666667,35.49310344827587,29.0,25.196666666666662,30.0,35.49310344827587,25.196666666666662
12/2014,29.469363193548396,18.043483935483874,35.006451612903234,31.0,24.959999999999994,30.0,35.006451612903234,24.959999999999994
1/2015,28.84666206451614,17.775336967741932,34.46666666666666,30.0,24.70666666666667,30.0,34.46666666666666,24.70666666666667
2/2015,30.12996235714286,18.65407028571429,35.97200000000001,25.0,25.060714285714287,28.0,35.97200000000001,25.060714285714287
3/2015,30.30921235483871,19.929343387096782,35.22068965517241,29.0,25.44838709677419,31.0,35.22068965517241,25.44838709677419
4/2015,30.611712800000003,19.431984966666665,35.37666666666666,30.0,25.360000000000007,30.0,35.37666666666666,25.360000000000007
5/2015,26.306890387096768,17.022015709677422,32.14482758620689,29.0,24.380645161290325,31.0,32.14482758620689,24.380645161290325
6/2015,27.269411266666665,17.334964066666668,33.34347826086957,23.0,24.4,26.0,33.34347826086957,24.4
7/2015,27.16384251612904,16.879261935483875,33.05,30.0,24.138709677419357,31.0,33.05,24.138709677419357
8/2015,28.611107354838715,17.682515548387098,34.553571428571445,28.0,24.835483870967746,31.0,34.553571428571445,24.835483870967746
9/2015,31.619123233333333,19.2071817,36.61,30.0,25.50689655172414,29.0,36.61,25.50689655172414
10/2015,32.283972935483874,19.994575967741934,37.82903225806452,31.0,26.05333333333333,30.0,37.82903225806452,26.05333333333333
11/2015,31.964027299999998,20.290523166666667,36.59,30.0,26.02,30.0,36.59,26.02
12/2015,28.283435870967747,19.166752032258067,32.75000000000001,30.0,25.048387096774192,31.0,32.75000000000001,25.048387096774192
1/2016,25.16093377419355,17.18242170967742,28.857142857142854,7.0,25.15000000000001,30.0,28.857142857142854,25.15000000000001
2/2016,24.42363048275861,17.177388620689655,,,25.49655172413793,29.0,24.42363048275861,25.49655172413793
3/2016,24.51901112903225,17.063585,36.75,2.0,26.41333333333334,30.0,36.75,26.41333333333334
4/2016,26.82286263333333,17.39785663333333,32.96,10.0,24.440000000000005,10.0,32.96,24.440000000000005
5/2016,27.525033387096766,17.78198606451613,33.210714285714275,28.0,24.916666666666664,30.0,33.210714285714275,24.916666666666664
6/2016,26.42364626666667,16.258698566666666,32.8,29.0,24.00333333333333,30.0,32.8,24.00333333333333
7/2016,26.628912935483875,16.339669403225805,32.877419354838715,31.0,24.22666666666667,30.0,32.877419354838715,24.22666666666667
8/2016,28.795132064516128,17.542782709677418,34.52666666666667,30.0,24.360000000000007,30.0,34.52666666666667,24.360000000000007
9/2016,30.395290666666664,18.462284683333333,35.84137931034482,29.0,24.65,30.0,35.84137931034482,24.65
10/2016,30.922430161290322,18.756865451612907,36.48000000000001,30.0,25.33214285714286,28.0,36.48000000000001,25.33214285714286
11/2016,30.267194,19.099892016666672,35.807407407407396,27.0,25.41785714285714,28.0,35.807407407407396,25.41785714285714
12/2016,29.831936677419357,18.828937516129027,35.167857142857144,28.0,25.29655172413793,29.0,35.167857142857144,25.29655172413793
1/2017,28.06355683870968,17.75887646774193,33.893548387096786,31.0,24.32903225806452,31.0,33.893548387096786,24.32903225806452
2/2017,26.90377657142857,17.38031610714285,33.224999999999994,8.0,24.41111111111111,9.0,33.224999999999994,24.41111111111111
3/2017,27.672661354838706,17.55799187096774,33.78750000000001,24.0,24.54444444444445,27.0,33.78750000000001,24.54444444444445
4/2017,29.38911670000001,18.454856133333333,34.66551724137932,29.0,24.87931034482759,29.0,34.66551724137932,24.87931034482759
5/2017,27.74520693548387,17.299438064516128,33.380645161290325,31.0,24.63225806451613,31.0,33.380645161290325,24.63225806451613
6/2017,26.925414133333334,17.1100402,33.02800000000001,25.0,24.465517241379317,29.0,33.02800000000001,24.465517241379317
7/2017,26.20539261290323,16.010564096774193,32.49999999999999,28.0,23.692857142857147,28.0,32.49999999999999,23.692857142857147
8/2017,30.0544824516129,18.283746129032263,35.77586206896552,29.0,24.948275862068968,29.0,35.77586206896552,24.948275862068968
9/2017,28.8544968,17.623684666666673,35.4923076923077,26.0,24.88518518518519,27.0,35.4923076923077,24.88518518518519
10/2017,30.87829570967742,19.259108677419352,36.61034482758621,29.0,25.529032258064515,31.0,36.61034482758621,25.529032258064515
11/2017,31.5900053,19.401275600000005,37.31333333333333,30.0,25.535714285714285,28.0,37.31333333333333,25.535714285714285
12/2017,28.840430580645155,18.11018091935484,35.73478260869565,23.0,25.13181818181818,22.0,35.73478260869565,25.13181818181818
