<html><meta http-equiv="Content-Type" content="text/html; charset=iso-8859-1">
<head>
<title>Estação - 82397</title>
   <!-- FACE BOX -->
   <script src="facebox/js/jquery.js" type="text/javascript"></script>
   <link href="facebox/styles/facebox.css" media="screen" rel="stylesheet" type="text/css" >

   <script src="facebox/js/facebox.js" type="text/javascript"></script>
   <script type="text/javascript">
      jQuery(document).ready(function($) {
         $('a[rel*=facebox]').facebox({
            loading_image : 'loading.gif',
            close_image   : 'closelabel.gif'})
         $('area[rel*=facebox]').facebox({
            loading_image : 'loading.gif',
            close_image   : 'closelabel.gif'})
      })
   </script>
   <script type="text/javascript">
      function showFoto(src) {
         //criando um link falso, para o LightBox captar as informações
         var a_false = document.createElement("A");
         a_false.rel = "lightbox";
         a_false.href = src;
         //chamando a função do lightbox responsável pelo início das ações
         myLightbox.start(a_false);
         //anulando o link
         a_false = null;
      }
   </script>
</head>
<pre>--------------------
BDMEP - INMET
--------------------
Estação           : FORTALEZA - CE (OMM: 82397)
Latitude  (graus) : -3.81
Longitude (graus) : -38.53
Altitude  (metros): 26.45
Estação Operante
Inicio de operação: 27/10/1919
Periodo solicitado dos dados: 01/01/1980 a 31/12/2017
Os dados listados abaixo são os que encontram-se digitados no BDMEP
Hora em UTC
--------------------
Obs.: Os dados aparecem separados por ; (ponto e vírgula) no formato txt.
      Para o formato planilha XLS, <A HREF="instrucao.html" TARGET="_top" rel="facebox">siga as instruções</a>
--------------------
Estacao;Data;Hora;DirecaoVento;VelocidadeVentoMedia;VelocidadeVentoMaximaMedia;EvaporacaoPiche;EvapoBHPotencial;EvapoBHReal;InsolacaoTotal;NebulosidadeMedia;NumDiasPrecipitacao;PrecipitacaoTotal;PressaoNivelMarMedia;PressaoMedia;TempMaximaMedia;TempCompensadaMedia;TempMinimaMedia;UmidadeRelativaMedia;VisibilidadeMedia;
82397;31/01/1980;0000;;;7.1;118.4;;;203.1;;12;93.5;;1006.525;30.707143;27.176;24.846429;82.583333;;
82397;29/02/1980;0000;;;6.3;;;;126.1;;18;313.8;;;29.638462;26.189333;23.688462;87.766667;;
82397;31/03/1980;0000;0;2.567568;5;97.4;;;178.4;6.675676;19;179;;1006.37027;29.922581;26.4016;23.654839;84.54;;
82397;30/04/1980;0000;;;;127.4;;;239.8;;18;56.9;;;31.333333;;24.54;;;
82397;31/05/1980;0000;;;;132.2;;;257.3;;12;44.4;;;31.6;;24.296774;;;
82397;30/06/1980;0000;;;6.6;120.9;;;208.3;;14;72.6;;;30.306667;26.341333;23.913333;84.083333;;
82397;31/07/1980;0000;9;2.802041;6;122.5;;;246.3;3.489796;5;49.1;;1009.5;30.253333;25.93125;23.113333;81.78125;;
82397;31/08/1980;0000;;;;167;;;278.3;;5;29.7;;;30.764516;;23.580645;;;
82397;30/09/1980;0000;;;;141.5;;;254.4;;7;23.2;;;30.4;;24.048276;;;
82397;31/10/1980;0000;;;6;163.8;;;268.8;;5;12.2;;;30.88;;24.47;;;
82397;30/11/1980;0000;9;3.614444;5;152.7;;;270.3;5.255556;8;7.2;;;30.673333;27.386;24.75;78.283333;;
82397;31/12/1980;0000;9;3.185714;5.8;117.4;;;259.1;5.571429;7;8.9;;;30.82;27.402963;24.7;81;;
82397;31/01/1981;0000;9;3.190805;5.3;94.1;;;194.5;6.804598;16;57.5;;;30.503448;27.331724;24.748276;83.810345;;
82397;28/02/1981;0000;9;4.303175;7.5;;;;;5.555556;8;29.9;;;30.619048;27.555238;24.87619;81.357143;;
82397;31/03/1981;0000;9;2.915789;7.5;;;;;7.666667;11;241.8;;;29.789474;26.744211;24.278947;84.302632;;
82397;30/04/1981;0000;9;3.305063;7.5;;;;191.7;6.050633;8;123.5;;;30.715385;27.222308;24.157692;78.903846;;
82397;31/05/1981;0000;9;2.751685;6.6;97.9;;;185.8;6.670455;13;120.4;;;30.14;26.905333;24.333333;80.25;;
82397;30/06/1981;0000;9;3.32716;8.3;116.7;;;235.5;4.160494;5;28.9;;;30.466667;26.608889;23.296296;80.175926;;
82397;31/07/1981;0000;9;3.660215;6.2;157.7;;;277.6;3.860215;0;0;;;31.054839;26.594194;23;79.862903;;
82397;31/08/1981;0000;9;3.897561;7.5;154.1;;;255.5;3.52439;3;6.3;;1007.47561;30.633333;26.60963;23.4;80.846154;;
82397;30/09/1981;0000;9;4.355385;9.1;;;;;3.353846;;0;;;30.954545;27.051818;24.077273;74.318182;;
82397;31/10/1981;0000;9;4.747273;8;;;;;4.127273;2;0.3;;;31.088889;27.58;25.066667;74.444444;;
82397;30/11/1981;0000;9;3.971084;7.5;137;;;263.3;5.421687;4;7.4;;;30.957143;27.834286;25.514286;71.705357;;
82397;31/12/1981;0000;9;3.767901;8.3;97;;;215.7;5.864198;5;20.2;;;30.762963;27.835556;25.585185;75.351852;;
82397;31/01/1982;0000;9;3.460714;6.9;159.4;;;209.9;5.857143;15;70.4;;;30.882143;27.200714;24.196429;74.446429;;
82397;28/02/1982;0000;9;3.181333;6;;;;162;7.118421;17;91.1;;;30.404;26.9552;24.108;80.48;;
82397;31/03/1982;0000;9;2.62;5.8;94.5;;;169.4;6.936709;21;125;;1006.515;30.281481;26.686667;23.781481;83.564815;;
82397;30/04/1982;0000;9;2.34;5.5;;;;150.4;6.84;20;192.1;;1007.464;30.044;26.4592;23.732;85.35;;
82397;31/05/1982;0000;14;2.930667;5.8;;;;187.9;5.56;18;107.8;;;29.984;26.0448;23.088;82.15;;
82397;30/06/1982;0000;9;3.229167;6.3;;;;183.7;4.777778;9;60.4;;;29.425;25.44;22.375;83.083333;;
82397;31/07/1982;0000;9;3.568966;6.5;134.7;;;259.1;4.034483;12;49.2;;;29.551724;25.570345;22.375862;77.068966;;
82397;31/08/1982;0000;9;4.198889;7.5;204.7;;;271.9;4.077778;7;21.5;;;30.266667;25.990667;22.686667;72.475;;
82397;30/09/1982;0000;9;4.666667;7.5;187.6;;;252.5;4.130952;12;19.4;;;30.35;26.508571;23.514286;70.214286;;
82397;31/10/1982;0000;9;4.564198;7.5;184.6;;;234;4.91358;7;22.3;;;30.359259;26.557778;23.785185;69.101852;;
82397;30/11/1982;0000;5;4.608333;7;;;;213.1;4.694444;6;2.2;;1008.0125;31.020833;27.1975;24.3;69.635417;;
82397;31/12/1982;0000;5;4.503947;7.6;;;;223.2;4.473684;8;17.7;;;31.352;27.4496;24.504;71.0625;;
82397;31/01/1983;0000;;;;155.5;;;245.1;;8;23.5;;;31.43871;;25.73871;;;
82397;28/02/1983;0000;;;;115.4;;;188.7;;15;165.9;;;30.957143;;25.264286;;;
82397;31/03/1983;0000;;;;96.5;;;170.4;;23;289.3;;;30.287097;;24.990323;;;
82397;30/04/1983;0000;;;;109.3;;;219.5;;17;138;;;30.823333;;24.62;;;
82397;31/05/1983;0000;;;;125;;;249.8;;20;79.4;;;30.622581;;24.745161;;;
82397;30/06/1983;0000;;;;112.8;;;282.1;;15;115.8;;;29.95;;23.94;;;
82397;31/07/1983;0000;;;;130.1;;;292.6;;13;48.8;;;29.651613;;23.483871;;;
82397;31/08/1983;0000;;;;152.2;;;287.3;;9;20.6;;;30.277419;;23.851613;;;
82397;30/09/1983;0000;;;;166.5;;;254.7;;8;5.7;;;30.796667;;24.853333;;;
82397;31/10/1983;0000;;;9;176.5;;;292.6;;8;12.3;;1009.71;30.693548;;24.954839;;;
82397;30/11/1983;0000;9;4.469663;7;171.5;;;312.8;3.58427;1;0.5;;;31.056667;27.488667;24.96;76.025;;
82397;31/12/1983;0000;;;;163.5;;;295.9;;7;59.4;;;31.209677;;25.254839;;;
82397;31/01/1984;0000;9;3.574576;8.1;;;;;5.525424;5;38.8;;1007.29661;30.795;27.067;24.105;75.4125;;
82397;29/02/1984;0000;9;2.940385;6.6;132.6;;;202.7;6.692308;17;253.2;;;30.313793;27.007059;24.506897;78.867647;;
82397;31/03/1984;0000;;;5;63.3;;;111.5;;21;381;;;29.403226;;23.632258;;;
82397;30/04/1984;0000;;;4.3;57;;;109.6;;25;383.9;;;29.683333;;23.516667;;;
82397;31/05/1984;0000;14;2.259259;6;56.2;;;134.5;7.555556;27;363.2;;;29.380645;25.614444;23.16129;86.597222;;
82397;30/06/1984;0000;14;2.901667;5.8;76.4;;;214.4;5.35;20;256.4;;;29.47;25.438;22.63;83;;
82397;31/07/1984;0000;9;3.261404;5.8;95.8;;;261.4;5.859649;16;170.9;;;29.180645;25.173684;22.448387;80.907895;;
82397;31/08/1984;0000;14;3.706122;7;132;;;274.9;4.326531;9;36.5;;;29.458065;25.56625;22.845161;77;;
82397;30/09/1984;0000;;;7.5;175.4;;;282;;7;14.7;;;30.206667;;23.243333;;;
82397;31/10/1984;0000;9;4.276389;7;224;;;283.3;5.013889;12;40.4;;;30.503226;26.683333;23.825806;75.135417;;
82397;30/11/1984;0000;9;4.370667;7;173.2;;;281.4;5.346667;5;1;;1008.22;31.14;27.1024;24.053333;73.77;;
82397;31/12/1984;0000;9;4.006173;7.3;229.2;;;280.3;5.54321;5;5;;;31.53871;27.372593;24.251613;71.361111;;
82397;31/01/1985;0000;5;1.851064;4.1;89.3;;;162.3;7.489362;26;212.4;;;30.170968;26.705;24.596774;84.03125;;
82397;28/02/1985;0000;;;3.3;41.5;;;79.3;;28;405.8;;;28.882143;;22.871429;;;
82397;31/03/1985;0000;;;4.1;46;;;81.1;;29;559.6;;;28.906452;;23.777419;;;
82397;30/04/1985;0000;;;4.6;43.2;;;83.6;;25;653.6;;;28.813333;25.64625;23.346667;89.046875;;
82397;31/05/1985;0000;14;1.873684;4.6;60.5;;;142.2;6.859649;27;325.9;;;29.203226;25.848421;23.283871;87.078947;;
82397;30/06/1985;0000;;;5;69.7;;;210;;20;250.5;;1010.265;29.36;;22.73;;;
82397;31/07/1985;0000;;;;76.3;;;217.2;;19;183.5;;;29.167742;;22.5;;;
82397;31/08/1985;0000;;;;129.3;;;294.6;;11;23;;;29.841935;;22.93871;;;
82397;30/09/1985;0000;;;;144.9;;;272.9;;10;38.3;;;30.13;;23.486667;;;
82397;31/10/1985;0000;9;3.103448;6;164.4;;;300.3;3.982759;2;0.6;;;31.087097;27.204211;24.558065;77.592105;;
82397;30/11/1985;0000;9;3.773016;7.5;153.3;;;273.2;4.587302;8;12.4;;;30.766667;27.377143;24.55;76.52381;;
82397;31/12/1985;0000;9;3.018644;6.6;102.5;;;151.6;6.644068;17;234.5;;;29.851613;27.109;24.254839;80.25;;
82397;31/01/1990;0000;9;3.348913;6.1;156.5;;;269.6;5.402174;15;62.7;;;30.587097;27.069032;24.074194;76.225806;;
82397;28/02/1990;0000;;;;;;;;;;0;;;;;;;;
82397;30/11/1993;0000;5;4.329213;7;225.9;;;286.8;4.910112;4;4.6;;;31.596667;27.914;24.71;70.896552;;
82397;31/12/1993;0000;;;;;;;;;;0;;;;;;;;
82397;31/01/1994;0000;5;2.793478;5.5;127.7;;;241.5;6.119565;19;148.6;;;30.548387;27.147742;23.874194;78.41129;;
82397;28/02/1994;0000;5;2.305952;5.3;93.2;;;160.8;6.72619;19;216.6;;;29.992857;26.637857;23.635714;82.696429;;
82397;31/03/1994;0000;9;1.982796;5.1;64.8;;;131.6;7.010753;28;418.3;;;29.716129;26.236129;23.296774;85.580645;;
82397;30/04/1994;0000;9;1.931111;5;60.4;;;117.9;7.155556;25;495;;;29.383333;25.869333;23.136667;88.141667;;
82397;31/05/1994;0000;14;2.550538;5.3;79.2;;;199;5.817204;24;291.6;;;30.051613;26.170968;23.145161;85.322581;;
82397;30/06/1994;0000;14;2.163333;5.8;63.8;;;156.2;5.944444;28;568.2;;;28.89;25.263333;22.83;86.875;;
82397;31/07/1994;0000;14;2.72043;5.6;90.7;;;212.4;4.591398;13;54.4;;;29.148387;25.201935;22.209677;80.637097;;
82397;31/08/1994;0000;9;3.611828;6.3;155.3;;;297.4;3.225806;7;9.2;;;30.745161;26.144516;22.545161;74.814516;;
82397;30/09/1994;0000;9;4.075556;6.3;209.9;;;290.4;3.733333;6;15.7;;;30.68;26.530667;22.713333;72.4;;
82397;31/10/1994;0000;9;4.239785;7.6;225.5;;;287.7;3.870968;8;9.2;;;30.86129;26.905806;23.274194;71.516129;;
82397;30/11/1994;0000;9;3.893333;6.3;206.9;;;291.9;4.922222;4;15.4;;;30.963333;27.159333;23.866667;72.616667;;
82397;31/12/1994;0000;9;3.504301;7;184;;;251.9;5.301075;9;56.3;;;31.187097;27.215484;23.996774;76.443548;;
82397;31/01/1995;0000;5;2.564516;5;85.6;;;214.2;6.301075;14;133.7;;;30.516129;26.877419;23.987097;83;;
82397;28/02/1995;0000;;;;;;;;;;0;;;;;;;;
82397;31/03/1995;0000;5;2.03913;5.6;83.1;;;174.5;6.543478;20;453.6;;;30.396774;26.559355;23.570968;84.991935;;
82397;30/04/1995;0000;5;1.678889;6;52.9;;;82.8;7.911111;30;667.9;;1006.24;29.37;25.970667;23.343333;90.15;;
82397;31/05/1995;0000;9;1.833333;5;72.4;;;188.7;5.688172;23;373.2;;;30.006452;26.22;23.293548;86.637097;;
82397;30/06/1995;0000;14;2.463333;6.5;83.2;;;218.3;5.255556;15;189.2;;1008.7;30.096667;26.020667;22.8;82.166667;;
82397;31/07/1995;0000;14;2.712903;6;106.6;;;248.4;4.44086;12;86.1;;;29.545161;25.331613;21.929032;80.258065;;
82397;31/08/1995;0000;9;3.382796;6.3;177.8;;;317.3;2.268817;3;1.7;;;30.822581;26.112258;22.096774;71.903226;;
82397;30/09/1995;0000;9;3.806667;6.8;198.9;;;284.9;2.7;2;0.7;;;31.076667;26.488;22.653333;70.516667;;
82397;31/10/1995;0000;5;3.483871;6.5;201.7;;;286.3;4.075269;6;13.7;;;30.877419;26.827742;23.487097;72.887097;;
82397;30/11/1995;0000;5;3.366667;6;205.9;;;268.7;5.022222;12;31.3;;;31.103333;27.24;23.96;73.408333;;
82397;31/12/1995;0000;5;3.206452;8;204.6;;;306.7;4.333333;3;26.8;;1007.31828;31.577419;27.703871;24.387097;73.919355;;
82397;31/01/1996;0000;5;2.901075;5.5;155.4;;;230.3;6.064516;20;115.1;;;30.906452;27.270323;24.003226;78.048387;;
82397;29/02/1996;0000;5;2.448276;6;124.1;;;197.6;5.931034;21;252.1;;;30.782759;26.897931;23.568966;80.603448;;
82397;31/03/1996;0000;5;1.495699;4.8;60.9;;;104.9;7.451613;27;465.6;;;29.635484;26.070323;23.187097;87.951613;;
82397;30/04/1996;0000;5;1.623333;4.3;56.1;;;104.3;7.355556;28;402.5;;;29.78;26.072667;23.326667;88.441667;;
82397;31/05/1996;0000;14;2.143011;5.6;85.6;;;213.6;5.666667;21;302;;;30.522581;26.554839;23.33871;83.903226;;
82397;30/06/1996;0000;14;2.71;5.8;120.5;;;245.4;4.777778;7;33.5;;;30.706667;26.302;22.936667;78.133333;;
82397;31/07/1996;0000;14;3.083871;5.3;150.8;;;266.2;3.978495;7;21.4;;;31.067742;26.217419;22.616129;76.040323;;
82397;31/08/1996;0000;9;3.401075;6.3;174.9;;;275.2;4.16129;8;32.7;;;30.964516;26.494194;22.848387;76.991935;;
82397;30/09/1996;0000;9;3.874444;7.1;204.2;;;282;3.788889;6;11.9;;;31.44;27.106;23.433333;73.758333;;
82397;31/10/1996;0000;9;3.910753;6.6;210.2;;;291.8;4.946237;10;22.8;;;31.158065;27.353548;24.077419;73.782258;;
82397;30/11/1996;0000;9;3.707778;6.5;205.6;;;270.7;5.277778;7;9.9;;;31.416667;27.646;24.406667;72.8;;
82397;31/12/1996;0000;9;3.61828;6.5;220.9;;;287.6;4.344086;8;12.6;;1006.66129;31.774194;27.977419;24.948387;73.08871;;
82397;31/01/1997;0000;9;3.523656;6.6;202.7;;;250.6;6.011236;12;33.1;;;31.829032;27.99871;25.012903;74.58871;;
82397;28/02/1997;0000;9;3.45119;6.5;164.6;;;230;5.378049;16;94.9;;;31.235714;27.491429;24.089286;75.964286;;
82397;31/03/1997;0000;9;2.771739;6.5;135.1;;;188.9;6.617978;15;167.9;;;30.825806;27.250968;24.132258;80.322581;;
82397;30/04/1997;0000;9;2.446053;5;83.9;;;168.3;6.965909;23;424.5;;;30.016667;26.406667;23.543333;85.2;;
82397;31/05/1997;0000;18;2.301124;5;93.5;;;199.9;5.977011;24;191.4;;;29.725806;26.029032;23.041935;83.879032;;
82397;30/06/1997;0000;9;2.831395;5;135.6;;;282.7;4.192771;7;16;;;30.486667;26.118667;22.693333;77.975;;
82397;31/07/1997;0000;9;3.383696;6.5;203.2;;;291.6;3.537634;6;33.9;;;30.532258;26.296129;22.63871;73.491935;;
82397;31/08/1997;0000;9;3.64086;6.6;197.8;;;280.4;4.236559;6;18;;;30.532258;26.420645;22.945161;74.137097;;
82397;30/09/1997;0000;9;3.893333;6.1;261.5;;;269.9;4.828947;1;0.1;;;30.77;26.718667;23.5;71.283333;;
82397;31/10/1997;0000;9;3.73871;6.5;262.2;;;280.1;4.449438;4;6.3;;;31.464516;27.376774;24.145161;71.629032;;
82397;30/11/1997;0000;9;3.54;6.3;284.8;;;268.9;5.202247;9;20.3;;;31.633333;27.594667;24.423333;72.891667;;
82397;31/12/1997;0000;9;3.2;6.1;259;;;300.7;5.222222;9;47;;;31.880645;27.886452;24.303226;73.919355;;
82397;31/01/1998;0000;9;2.3;5.3;178.2;;;186.2;6.505376;21;176.3;;;31.283871;27.716774;24.725806;80.653226;;
82397;28/02/1998;0000;9;2.785714;5.1;153.5;;;230.1;5.166667;13;55.6;;;32.110714;28.36;25;77.87963;;
82397;31/03/1998;0000;9;2.174194;5.8;104.8;;;175.7;6.688172;25;385.1;;;31.3;27.770323;24.541935;83.107143;;
82397;30/04/1998;0000;9;2.561111;5.3;81.9;;;229.7;5.3;18;182.3;;;31.78;28.133333;24.68;82.4;;
82397;31/05/1998;0000;9;2.912903;5;153.1;;;240;5.129032;10;74.2;;;31.467742;27.816774;24.406452;78.290323;;
82397;30/06/1998;0000;9;3.396591;6.1;41.1;;;70.2;4.679012;3;7.2;;;;;23.653333;75.141667;;
82397;31/07/1998;0000;9;3.255556;5.8;228.8;;;261.7;5.011905;6;33.1;;;31.158065;26.86129;23.36129;74.112903;;
82397;31/08/1998;0000;9;3.663043;6.8;208.5;;;287.2;4.101124;10;28.3;;;30.890323;26.820645;23.287097;72.919355;;
82397;30/09/1998;0000;9;4.024444;7.1;236.7;;;297.3;4.292683;5;5.2;;;31.436667;27.337333;24.12;70.375;;
82397;31/10/1998;0000;9;4.182609;6.8;248.4;;;302.4;4.341176;10;9.1;;;31.809677;27.814839;24.909677;71.016129;;
82397;30/11/1998;0000;9;3.553333;6.3;231;;;279.9;4.933333;5;2.4;;1006.72;32;27.983333;25.046667;71.933333;;
82397;31/12/1998;0000;9;3.419355;6.5;226.9;;;277.9;5.032258;12;17.7;;;31.919355;27.914839;24.9;72;;
82397;31/01/1999;0000;9;3.334409;6.3;188.4;;;245;5.698925;13;59.3;;;31.56129;27.636129;24.63871;74.241935;;
82397;28/02/1999;0000;9;3.063095;5.6;190.8;;;183.5;6.416667;17;166;;;31.439286;27.499286;24.471429;77.232143;;
82397;31/03/1999;0000;9;2.112903;5.5;103.6;;;161.1;7.150538;26;237.4;;;30.064516;26.556774;23.56129;83.612903;;
82397;30/04/1999;0000;9;2.01;4.6;99.5;;;157.1;6.644444;23;328.3;;;29.95;26.537333;23.67;84.041667;;
82397;31/05/1999;0000;9;1.97957;5;88.2;;;175.4;6.376344;25;361.2;;;29.767742;26.213548;23.103226;84.145161;;
82397;30/06/1999;0000;9;2.615556;6;132.8;;;253.1;4.755556;11;43.2;;;30.486667;26.243333;22.943333;79.375;;
82397;31/07/1999;0000;9;3.072043;5.3;236.5;;;284;3.709677;2;10.4;;;31.325806;26.412903;22.709677;72.137097;;
82397;31/08/1999;0000;9;3.747312;7.3;311.9;;;314.8;3.182796;2;5.5;;;31.541935;26.594839;22.7;70.306452;;
82397;30/09/1999;0000;9;3.952222;6.3;226;;;298.7;3.877778;12;49.9;;1008.44;30.826667;26.872;23.603333;72.066667;;
82397;31/10/1999;0000;9;3.815054;6.5;245.4;;;299.5;4.376344;6;8.6;;;31.293548;27.300645;24.264516;70.266129;;
82397;30/11/1999;0000;9;3.61;6.5;246.1;;;297.1;5.555556;9;9.5;;;31.763333;27.881333;25.026667;71.783333;;
82397;31/12/1999;0000;9;3.355914;5.8;226.5;;;232.7;6.483871;10;45.1;;;31.403226;27.706452;24.835484;74.604839;;
82397;31/01/2000;0000;9;2.265591;4.8;104.2;;;213.1;6.247312;21;246.9;;;30.629032;26.934839;23.983871;80.387097;;
82397;29/02/2000;0000;9;2.126437;5.1;108.5;;;188.2;6.655172;17;161;;;31.272414;27.267586;23.731034;77.896552;;
82397;31/03/2000;0000;9;2.288172;5.5;90.5;;;174.6;6.376344;24;323.9;;;30.583871;26.951613;23.893548;82.185484;;
82397;30/04/2000;0000;9;1.876667;4.6;66.5;;;124.3;7.266667;24;507.1;;1007.79;30.263333;26.236;23.433333;86.291667;;
82397;31/05/2000;0000;9;2.37957;4.6;100.5;;;238.8;6.021505;17;203.4;;;30.63871;26.698065;23.712903;81.330645;;
82397;30/06/2000;0000;9;2.47;5.1;106.5;;;226.6;5.244444;17;83.3;;;30.406667;26.088;23.046667;80.191667;;
82397;31/07/2000;0000;;;;118.2;;;229.3;;13;114.1;;;30.070968;25.972258;22.964516;;;
82397;31/08/2000;0000;;;;139.3;;;263.7;;12;150.6;;;29.983871;25.806452;22.741935;;;
82397;30/09/2000;0000;;;;154.3;;;255.9;;16;147.4;;;29.826667;26.318;23.38;;;
82397;31/10/2000;0000;;;;;;;;;;;;;30.648387;26.908387;23.777419;;;
82397;30/11/2000;0000;;;;;;;;;;;;;31.093333;27.323333;24.416667;;;
82397;31/12/2000;0000;;;;;;;;;;;;;31.067742;27.310968;24.412903;;;
82397;31/01/2001;0000;;;;;;;;;;;;;30.6;26.902667;24.066667;;;
82397;28/02/2001;0000;;;;;;;;;;;;;31.103571;27.358571;24.217857;;;
82397;31/03/2001;0000;;;;;;;;;;;;;30.658065;26.948387;23.912903;;;
82397;30/04/2001;0000;;;;61.2;;;101.6;;25;758.5;;;29.41;25.936667;23.263333;;;
82397;31/05/2001;0000;;;;;;;;;;;;;30.735484;26.924516;23.864516;;;
82397;30/06/2001;0000;;;;;;;;;;;;;29.966667;26.155333;23.27;;;
82397;31/07/2001;0000;;;;;;;;;;;;;30.2;26.069677;22.774194;;;
82397;31/08/2001;0000;;;;;;;;;;;;;31.003226;26.271613;22.341935;;;
82397;30/09/2001;0000;;;6.216;;;;;;2;1.2;;;30.943333;26.938667;23.813333;;;
82397;31/10/2001;0000;9;3.831269;5.5;215.6;;;290.6;4.981183;4;6.3;;;31.429032;27.47871;24.264516;71.983871;;
82397;30/11/2001;0000;9;3.6766;5.18;;;;;5.219444;0;0;;;31.41;27.75;25.12;75.533333;;
82397;31/12/2001;0000;9;3.818744;6.216;;;;;5.261628;12;58.8;;;31.635484;28.004667;25.580645;77.392857;;
82397;31/01/2002;0000;9;2.133935;4.662;;;;;7.296196;22;287.5;1012.48587;;30.383871;26.627097;23.806452;85.458333;;
82397;28/02/2002;0000;9;2.815711;6.216;;;;;5.620482;15;88.3;1012.53494;;31;27.263571;23.803571;80.675926;;
82397;31/03/2002;0000;9;2.209621;5.65884;;;;;6.854839;26;344.3;;;30.570968;26.756774;23.577419;85.798387;;
82397;30/04/2002;0000;9;2.092056;6.68772;;;;153.3;7.222222;27;505.2;;;30.136667;26.317333;23.416667;87.5;;
82397;31/05/2002;0000;14;2.365306;5.1444;;;;206.4;6.576087;21;196.9;1012.975;;30.335484;26.656774;23.693548;85.346774;;
82397;30/06/2002;0000;14;2.446448;5.65884;;;;199.1;5.819444;19;190;;;29.926667;25.957333;22.993333;83.491667;;
82397;31/07/2002;0000;9;2.607837;5.8;125;;;265.4;4.446237;11;119.8;;;29.774194;25.798065;22.670968;79.693548;;
82397;31/08/2002;0000;9;3.562048;5.65884;;;;292.5;4.013441;4;14.2;;;30.683871;26.330323;22.706452;76.8;;
82397;30/09/2002;0000;9;3.654298;6.17328;;;;291;4.612069;8;9.1;;1011.63908;30.63;26.632;23.256667;72.525;;
82397;31/10/2002;0000;9;4.010419;6.68772;;;;290.8;5.16129;9;40.3;;;30.903226;27.150968;24.109677;73.524194;;
82397;30/11/2002;0000;9;3.545247;6.6;187.1;;;281.7;4.738889;12;20;;;30.923333;27.236;24.413333;74.858333;;
82397;31/12/2002;0000;9;3.24227;6.5;;;;279.1;5.543478;7;4.3;;;31.735484;28.016129;25.277419;74.879032;;
82397;31/01/2003;0000;9;2.452688;5.8;144.7;159.622083;159.622083;234.6;5.48913;13;151;;;31.258065;27.463226;24.325806;77.33871;;
82397;28/02/2003;0000;9;1.965476;5;77.7;128.924371;128.924371;121.3;8.059524;23;255.3;;;29.978571;26.754286;23.978571;84.642857;;
82397;31/03/2003;0000;9;1.729032;5;63.1;133.850293;133.850293;119.6;7.666667;30;547.9;;1008.75914;29.835484;26.286452;23.503226;86.854839;;
82397;30/04/2003;0000;9;1.847778;4.8;67.2;130.203439;130.203439;140.5;7.466667;23;498.8;;;30.15;26.409333;23.726667;85.6;;
82397;31/05/2003;0000;9;2.03871;5;78.3;137.374136;137.374136;201.9;6.387097;18;331.6;;;30.53871;26.640645;23.76129;83.604839;;
82397;30/06/2003;0000;9;2.224444;5.5;91.8;125.113006;125.113006;240;5.088889;17;181.6;;;30.106667;26.162;23.27;81.658333;;
82397;31/07/2003;0000;9;2.83871;5.5;142.3;129.471942;116.3;284.2;3.483871;5;16.8;;;30.583871;26.173548;22.848387;76.951613;;
82397;31/08/2003;0000;9;3.247312;6.1;165.4;135.958883;12.5;292.4;3.516129;11;12.5;;;30.712903;26.516129;23.103226;74.064516;;
82397;30/09/2003;0000;9;3.578889;6.1;196.1;;;300.6;3.157303;3;9.2;;;31.38;27.164667;23.636667;71.566667;;
82397;31/10/2003;0000;9;4.127957;7.8;215.4;;;296.2;4.526882;6;4.4;;;31.616129;27.685161;24.745161;71.717742;;
82397;30/11/2003;0000;9;3.806667;6.5;193.7;;;295;4.855556;12;19.1;;1008.56;31.796552;27.792;24.693333;72.691667;;
82397;31/12/2003;0000;9;3.654839;6.3;173.7;;;286.5;5.763441;14;40.1;;;31.729032;27.978065;25.158065;74.483871;;
82397;31/01/2004;0000;9;2.452688;5.8;92.1;;;135.2;7.784946;21;447.2;1011.26129;;30.351613;26.857419;24.290323;83.580645;;
82397;29/02/2004;0000;9;2.22069;5.1;80.4;;;140;6.862069;26;356.1;;;30.327586;26.574483;23.568966;84.405172;;
82397;31/03/2004;0000;9;2.5;5.6;95.3;;;203.8;6.516129;21;515.8;;1008.4;30.706452;26.991613;23.829032;82.991935;;
82397;30/04/2004;0000;9;2.463333;5;92.9;;;202.1;6.455556;22;106.5;;;30.82;27.127333;24.083333;81.241667;;
82397;31/05/2004;0000;9;2.608602;5;107.6;;;257.2;5.655914;13;64.2;;1009.96129;31.083871;27.097419;24.058065;79.83871;;
82397;30/06/2004;0000;9;2.618889;5.8;87;;;176.3;5.733333;20;263.4;;;29.776667;25.660667;22.953333;82.575;;
82397;31/07/2004;0000;9;2.956069;5.5;127.1;;;235.5;5.717742;12;109;;;29.941935;26;22.987097;79.612903;;
82397;31/08/2004;0000;9;3.45914;6;207.7;;;270.5;4.806452;5;11.3;;;30.7;26.556774;23.3;73.822581;;
82397;30/09/2004;0000;9;3.791111;6.5;221;;;297.7;3.066667;9;24.6;;;31.163333;26.908667;23.63;71.858333;;
82397;31/10/2004;0000;9;4.114444;6.3;209.5;;;312.7;4.448925;6;2.4;;;31.277419;27.409677;24.454839;71.491935;;
82397;30/11/2004;0000;9;4.032222;6.6;248.7;;;303.4;4.722222;5;1.5;;;31.716667;27.630667;24.596667;71.533333;;
82397;31/12/2004;0000;9;3.521505;5.6;247.1;;;289.8;5.698925;6;26.3;1011.81413;;31.577419;27.729677;24.935484;73.104839;;
82397;31/01/2005;0000;9;3.230108;6;207.5;;;240.9;5.967742;9;9.5;;1008.04086;32.054839;28.237419;25.503226;73.774194;;
82397;28/02/2005;0000;9;3.27619;6.1;175.4;;;215.5;6.72619;15;109.3;;;32.232143;28.31;25.485714;75.901786;;
82397;31/03/2005;0000;9;2.523656;6;127.1;;;186.9;7.096774;19;193.8;;;31.445161;27.839355;25.029032;79.056452;;
82397;30/04/2005;0000;9;2.62;5.3;100.4;;;201.9;6.877778;19;205.8;;;31.353333;27.78;24.746667;79.925;;
82397;31/05/2005;0000;9;2.636559;5.1;82.7;;;211.7;6.44086;22;365.8;;;30.451613;26.821935;23.96129;82.580645;;
82397;30/06/2005;0000;9;2.631111;5.3;83.2;;;201.2;6.2;21;162;;;29.813333;26.112;23.22;83.608333;;
82397;31/07/2005;0000;9;2.997849;6.5;119.5;;;281.5;3.365591;10;49.4;;;30.370968;26.124516;22.896774;77.491935;;
82397;31/08/2005;0000;9;3.849462;6.3;166.8;;;315.5;3.354839;7;15.1;;;30.967742;26.666452;23.016129;71.548387;;
82397;30/09/2005;0000;9;4.093333;6.6;192.2;;;299.8;3.677778;5;1.7;;;31.453333;27.046667;23.53;69.6;;
82397;31/10/2005;0000;9;4.046237;7;202.1;;;304.7;4.333333;1;0.4;;;31.412903;27.468387;24.33871;69.685484;;
82397;30/11/2005;0000;9;4.106667;6.3;185.6;;;305.4;4.688889;3;0.8;1011.2;;31.923333;28.019333;25.15;70.383333;;
82397;31/12/2005;0000;9;3.74086;6.8;177;;;275.9;5.989247;5;24.6;;1007.3;32.083871;28.150968;25.109677;72.217742;;
82397;31/01/2006;0000;9;3.826882;6.8;176.7;;;263.6;5.602151;15;42.8;;;31.777419;27.962581;25.174194;72.612903;;
82397;28/02/2006;0000;5;2.513095;5;117.7;;;186.2;6.738095;17;105.5;;;31.228571;27.649286;24.917857;77.5;;
82397;31/03/2006;0000;9;2.207527;4.8;94.5;;;195;6.784946;25;207.7;;1008.4;30.980645;27.338065;24.112903;80.451613;;
82397;30/04/2006;0000;9;1.522222;4.6;56.3;;;120.3;7.822222;26;574.5;;;29.973333;26.503333;23.766667;86.583333;;
82397;31/05/2006;0000;9;2.231183;5.5;77;;;209.7;6.430108;21;506.4;;;30.56129;26.515484;23.596774;83.774194;;
82397;30/06/2006;0000;14;2.414444;6.1;84;123.334237;123.334237;189.5;6.6;15;178.7;;;29.76;25.973333;23.023333;81.05;;
82397;31/07/2006;0000;9;2.841935;5.1;116.4;127.631201;127.631201;270.4;4.494624;9;41.6;;;30.358065;26.135484;22.829032;78.459677;;
82397;31/08/2006;0000;9;3.532258;9.1;147.8;137.889978;29.868799;297;4.505376;7;15.9;;;31.212903;26.606452;23.1;72.346774;;
82397;30/09/2006;0000;9;3.790642;6.3;172.2;148.356662;11.7;291.8;4.636111;5;11.7;;;31.51;27.327333;24.156667;70.366667;;
82397;31/10/2006;0000;9;3.782652;6.6;190.5;161.101158;6.1;316.3;4.405914;7;6.1;;1009.23871;31.6;27.64;24.858065;71.927419;;
82397;30/11/2006;0000;9;3.86842;6.3;207.8;161.372925;7.4;290.2;5.427778;8;7.4;;;31.616667;27.82;25.103333;71.758333;;
82397;31/12/2006;0000;9;3.674194;6.8;197.4;171.900947;7.8;283.3;6.193548;7;7.6;;;31.73871;28.035484;25.716129;73.895161;;
82397;31/01/2007;0000;9;3.395256;6.1;186.3;176.256682;37.3;253.7;5.688172;9;37.3;;;31.816129;28.285806;26.090323;75.274194;;
82397;28/02/2007;0000;9;2.408333;5.6;93.5;136.306674;136.306674;134.6;7.690476;22;329;;;30.714286;27.134286;24.392857;81.098214;;
82397;31/03/2007;0000;9;2.385257;5.1;99.3;147.68509;147.68509;167;7.018817;28;340.5;;1008.31828;30.922581;26.98129;23.790323;82.024194;;
82397;30/04/2007;0000;9;2.171111;5;86.4;130.203439;130.203439;155.6;7.177778;24;359.4;;;30.936667;26.996667;24.023333;83.008333;;
82397;31/05/2007;0000;9;2.445161;5.3;100.7;147.295407;147.295407;240.8;5.72043;17;179.5;;;31.164516;27.036774;23.977419;80.064516;;
82397;30/06/2007;0000;9;2.937778;9;113.6;128.737371;128.737371;261.4;4.811111;12;67.9;;1010.86;30.703333;26.39;22.976667;77.041667;;
82397;31/07/2007;0000;9;3.058065;5.1;148;135.121128;96.062629;285.8;4.419355;6;56.7;;;30.935484;26.517419;23.016129;78.241935;;
82397;31/08/2007;0000;9;4.012903;6.6;200;135.96518;0.8;307;3.548387;2;0.8;;;31.241935;26.505806;22.790323;71.306452;;
82397;30/09/2007;0000;9;4.063345;6.6;212.2;140.380494;2.9;295.8;2.516667;3;2.9;1014.32;;31.67;26.888667;23.36;69.7;;
82397;31/10/2007;0000;9;4.101075;6.8;221.3;152.526289;0.9;311.3;4.215054;2;0.9;;;31.309677;27.200645;24.158065;71.056452;;
82397;30/11/2007;0000;9;3.948889;6.6;206.4;159.199935;3.9;307.3;4.333333;5;3.9;;;31.72;27.698;24.783333;72.166667;;
82397;31/12/2007;0000;9;3.670514;6.5;164.5;162.871416;76.2;241.8;6.384409;15;76.2;;1008.03871;31.345161;27.577419;24.896774;75.564516;;
82397;31/01/2008;0000;9;2.786487;5.8;122.4;149.760893;149.760893;188.3;6.983871;24;278.4;;;30.648387;27.070968;24.222581;80.266129;;
82397;29/02/2008;0000;9;2.825287;5.5;133.4;151.171007;151.171007;244;6.045977;14;62.7;;1008.6;31.62069;27.603448;24.310345;76.336207;;
82397;31/03/2008;0000;0;1.609677;5.3;67.1;137.660038;137.660038;135.1;7.354839;24;316.4;1011.03871;1007.92043;30.474194;26.465161;23.296774;83.427419;;
82397;30/04/2008;0000;9;1.743333;5.5;51.9;126.516744;126.516744;117.6;7.888889;24;483.2;;;30.136667;26.118667;23.356667;87.316667;;
82397;31/05/2008;0000;14;1.860215;4.3;67.8;131.644007;131.644007;182;6.688172;23;288.6;;;30.435484;26.336129;23.374194;83.653226;;
82397;30/06/2008;0000;9;2.455556;5.1;129.2;119.837519;116.926948;206;6.766667;6;94.7;;;30.263333;25.922;22.763333;81.166667;;
82397;31/07/2008;0000;9;2.968817;5.6;;127.658219;64.097117;240.9;5.505376;7;10.5;;;31.074194;26.093548;22.212903;75.354839;;
82397;31/08/2008;0000;9;3.477419;7.6;;132.196048;67.861416;287.2;3.784946;4;54.9;;;31.341935;26.354194;22.464516;74.556452;;
82397;30/09/2008;0000;9;3.896667;6.6;188.5;144.37118;8.490937;292.4;3.177778;0;0;;;31.78;27.114667;23.253333;70.425;;
82397;31/10/2008;0000;9;3.992473;8.1;223.8;161.14037;4.089317;307.4;4.129032;2;2;;;31.887097;27.589032;24.154839;70.564516;;
82397;30/11/2008;0000;9;3.705556;9.1;197.2;161.393075;3.324761;292.9;5.366667;2;2.9;;;31.846667;27.784667;24.87;72.658333;;
82397;31/12/2008;0000;9;3.460215;5.8;187.9;169.605797;8.087748;293.9;5.526882;3;8;;;31.916129;27.910323;24.916129;73.145161;;
82397;31/01/2009;0000;9;2.743787;6;142.4;158.239096;158.239096;222.6;6.258065;17;162;;;31.235484;27.314839;24.151613;77.604839;;
82397;28/02/2009;0000;9;2.299497;5.8;87.1;128.918691;128.918691;163.3;7.130952;21;307;;;30.257143;26.754286;23.932143;82.339286;;
82397;31/03/2009;0000;9;1.533333;5;52;133.848935;133.848935;112.7;8.032258;26;479.5;1011.08172;;29.812903;26.228387;23.596774;86.612903;;
82397;30/04/2009;0000;0;1.337778;4.1;38.8;122.97239;122.97239;116.5;8.088889;23;561;;1008.99;30.013333;26.186;23.306667;87.158333;;
82397;31/05/2009;0000;0;1.39632;3.6;38.5;124.326696;124.326696;111.9;7.760753;25;305.8;;;29.787097;25.910323;23.232258;88.58871;;
82397;30/06/2009;0000;9;2.337778;6.3;75.1;121.583999;121.583999;184.2;5.966667;12;252.6;;;30.11;25.999333;22.993333;84.091667;;
82397;31/07/2009;0000;9;2.603226;5;105.4;120.468542;120.468542;235.2;5.333333;17;208.8;;;30.135484;25.728387;22.451613;81.024194;;
82397;31/08/2009;0000;9;3.447312;7.5;125.9;132.162371;100.99214;270.6;4.172043;8;41.3;;;30.754839;26.285806;22.529032;76.637097;;
82397;30/09/2009;0000;9;3.853333;6.6;151.8;142.344591;33.662603;280.7;4.277778;4;3.4;;;31.293333;27.032667;23.523333;72.691667;;
82397;31/10/2009;0000;9;3.551613;9;154.7;150.4371;15.139825;298.4;4.83871;6;7.5;;;31.306452;27.100645;23.66129;71.290323;;
82397;30/11/2009;0000;9;3.948889;9;159.9;157.0585;8.869021;301.2;4.544444;6;7;1011.73;;31.596667;27.689333;24.533333;71.233333;;
82397;31/12/2009;0000;9;3.327957;6.3;130.8;165.092108;24.006093;248.4;6.591398;10;23.6;;1008.65914;31.729032;27.763871;24.787097;76.193548;;
82397;31/01/2010;0000;9;2.950538;6;113.1;169.325263;70.981616;239.7;6.021505;13;70.9;;;31.880645;27.830968;24.296774;76.870968;;
82397;28/02/2010;0000;9;3.156468;5.8;116.9;164.592892;76.22858;232.9;6.241071;12;76.2;;;32.414286;28.438571;25.271429;77.294643;;
82397;31/03/2010;0000;9;2.352688;5.1;107.4;171.502898;171.502898;218.4;5.892473;16;234.7;;;32.403226;28.245161;24.893548;78.008065;;
82397;30/04/2010;0000;9;2.175556;5.6;78.6;158.003127;158.003127;190.1;7.344444;21;310;;1007.77;31.953333;27.804;24.356667;82.166667;;
82397;31/05/2010;0000;9;2.303226;6.6;92.5;155.612588;155.612588;237.2;5.913978;16;176.7;;;31.654839;27.592258;24.293548;80.604839;;
82397;30/06/2010;0000;9;2.644444;5;103.6;141.991469;130.583386;258.2;4.444444;8;90.1;;;31.84;27.128667;23.276667;76.2;;
82397;31/07/2010;0000;9;2.934409;5;129.3;138.979424;88.222152;246.6;4.569892;7;54.2;;;31.816129;26.857419;22.890323;74.08871;;
82397;31/08/2010;0000;9;3.682796;6.3;174.4;145.822705;22.476468;301.9;3.139785;2;3.1;;;32.158065;27.019355;22.680645;69.322581;;
82397;30/09/2010;0000;9;4.007778;7;186;146.333115;4.701899;297.7;3.122222;0;0;;;32.163333;27.130667;23.026667;68.183333;;
82397;31/10/2010;0000;9;3.432258;6.1;164.3;165.511125;4.935041;295.4;4.204301;2;3.8;;;32.432258;27.777419;24.36129;71.814516;;
82397;30/11/2010;0000;9;3.706667;5.8;169.4;170.229641;13.422599;298.4;5.133333;6;13.2;;;32.533333;28.142;24.896667;71.108333;;
82397;31/12/2010;0000;9;2.970968;5.1;137;169.599965;76.435437;243.7;6.55914;13;76.4;;;31.996774;27.863871;24.616129;74.814516;;
82397;31/01/2011;0000;9;1.980645;5.8;76.1;139.637149;139.637149;160.2;7.247312;23;668.3;;;30.574194;26.458065;23.129032;83.91129;;
82397;28/02/2011;0000;9;2.008766;5.1444;;128.918691;128.918691;171.1;7.241071;22;308.6;;;30.725;26.715714;23.596429;84.035714;;
82397;31/03/2011;0000;9;1.808913;5;78.2;143.628745;143.628745;207.4;6.989247;20;375.6;;;31.293548;26.8;23.187097;83.024194;;
82397;30/04/2011;0000;9;1.405556;3.8;55.7;106.091231;106.091231;115.6;8.088889;27;387.3;1011.36;1008.21;30.393333;26.116;22.98;87.066667;;
82397;31/05/2011;0000;14;2.124731;5;72.6;120.268184;120.268184;183.7;7.290323;18;160;;;31.048387;26.670323;23.426667;83.403226;;
82397;30/06/2011;0000;9;2.513333;5;88.8;109.20096;109.20096;206.6;5.677778;15;141.4;;;30.893333;26.34;22.656667;79.983333;;
82397;31/07/2011;0000;9;2.388172;5;120.3;106.372479;106.372479;214.2;5.688172;10;123.2;;;30.845161;26.026452;22.206452;78.725806;;
82397;31/08/2011;0000;9;3.339785;6.6;277.4;118.344206;85.315416;281.2;4.096774;6;24.4;;;31.535484;26.471613;22.306452;73.491935;;
82397;30/09/2011;0000;9;3.474444;6;;122.585052;27.612947;294.2;2.179775;0;0;;1011.12;32.166667;26.828667;22.513333;71.325;;
82397;31/10/2011;0000;9;3.189247;6.1;250.3;138.1531;40.271428;271.2;5.150538;11;32.8;;;31.574194;27.210968;23.987097;74.854839;;
82397;30/11/2011;0000;9;3.458889;5;;139.994339;26.844873;284.8;6.044444;12;24.4;;;31.54;27.4;24.15;74.375;;
82397;31/12/2011;0000;9;3.580645;6.6;;153.754054;15.842206;304.4;5.774194;8;14.9;;;31.748387;27.676774;24.8;73.58871;;
82397;31/01/2012;0000;9;3.037634;6.6;;150.605841;28.421059;268.8;6.032258;12;48.2;;;31.719355;27.647097;24.980645;75.233871;;
82397;29/02/2012;0000;9;2.36092;6;;117.560989;117.560989;193;6.747126;20;210;;;30.889655;26.745517;23.8;80.827586;;
82397;31/03/2012;0000;9;2.224743;5;;129.671415;129.671415;206.3;6.739247;23;302.4;;;30.641935;26.854839;23.841935;81.75;;
82397;30/04/2012;0000;9;2.428889;5;;134.408373;134.408373;207.2;6.433333;25;152.1;;;31.066667;27.306667;24.35;81.2;;
82397;31/05/2012;0000;9;2.897849;5.5;;135.215187;135.215187;255;5.053763;13;143;;;31.093548;27.174839;23.967742;78.467742;;
82397;30/06/2012;0000;9;2.737778;5.6;;118.203678;118.203678;240.4;5.122222;18;140.2;;;30.71;26.704;23.54;79.383333;;
82397;31/07/2012;0000;9;2.991398;5;142.5;122.346174;74.965853;265.6;4.16129;7;6.3;;;31.1;26.686;23.174194;73.225806;;
82397;31/08/2012;0000;9;3.527957;6.6;179.1;125.612352;22.411569;287.1;3.580645;0;0;;;31.583871;26.749032;22.93871;70.548387;;
82397;30/09/2012;0000;9;3.681111;6.3;181.2;127.52299;8.477007;290.3;2.766667;2;2.1;;;31.533333;26.960667;23.72;70.975;;
82397;31/10/2012;0000;9;3.619355;6;184.9;140.890528;13.148975;301;4.806452;9;11.3;;;31.445161;27.304516;24.287097;71.379032;;
82397;30/11/2012;0000;9;3.364444;5.3;156.6;151.138754;4.237132;306.1;4.733333;4;3.7;;1008.52;31.673333;27.706;24.9;71.891667;;
82397;31/12/2012;0000;9;3.455914;6.1;153.2;165.831977;14.124529;290.8;6.172043;11;14;;;31.993548;28.086;25.53871;74.016129;;
82397;31/01/2013;0000;9;2.872043;6.1;132.8;162.475047;46.723959;267.4;6.139785;13;46.7;;;31.719355;27.940645;25.403226;76.33871;;
82397;28/02/2013;0000;9;3.119048;6.3;128.9;151.415624;109.503758;221;5.916667;13;109.5;;;32.292857;28.180714;25.421429;75.669643;;
82397;31/03/2013;0000;9;2.766667;5.6;126.6;172.662503;72.704562;241.6;6.322581;18;72.7;;;32.032258;28.365806;25.670968;76.951613;;
82397;30/04/2013;0000;9;1.962222;4.8;83.9;142.437696;142.437696;198.4;6.244444;20;154.6;;;31.416667;27.579333;24.466667;79.975;;
82397;31/05/2013;0000;9;2.44086;8.8;71.5;140.603633;140.603633;230.6;6.247312;18;144.3;;;31.3;27.423871;24.283871;79.725806;;
82397;30/06/2013;0000;9;2.092222;4.8;66.9;113.650723;113.650723;207.8;6.477778;20;217.9;;;30.5;26.496;23.533333;81.333333;;
82397;31/07/2013;0000;9;2.384946;4.6;102.5;113.00478;109.898527;242.6;5.139785;18;87;;;30.564516;26.321935;23.125806;78.274194;;
82397;31/08/2013;0000;9;3.634066;6;150.9;133.146449;67.296707;281;4.351648;6;13.5;1013.58022;;31.306452;27.087586;23.758621;73.112069;;
82397;30/09/2013;0000;9;3.823333;5.8;162.3;135.128596;27.098928;285.4;4.733333;5;10.5;;;31.59;27.297333;24.113333;74.241667;;
82397;31/10/2013;0000;9;3.626882;5.8;173.3;149.223875;14.444986;297;4.408602;9;9.4;;;31.935484;27.630323;24.693548;73.129032;;
82397;30/11/2013;0000;9;3.713815;6.5;155.3;148.303397;12.434996;260;6.477778;9;11.2;1011.26;;31.71;27.742;25;74.558333;;
82397;31/12/2013;0000;9;3.274194;6.8;157.8;162.789007;10.928431;294.4;6.021505;7;10.6;;;31.945161;28.014839;25.354839;73.379032;;
82397;31/01/2014;0000;9;2.972043;6.5;150.8;147.792832;67.25075;229.8;6.032258;4;67.2;;;31.467742;27.560645;24.425806;77.346774;;
82397;28/02/2014;0000;9;2.429762;4.5;98.5;122.785175;122.785175;197.4;7.035714;;144.2;;1008.12381;31.032143;27.043571;23.481481;80.178571;;
82397;31/03/2014;0000;9;2.056989;5;95.5;137.52025;137.52025;184.5;6.774194;;330.6;;;31.164516;27.192903;23.603226;81.112903;;
82397;30/04/2014;0000;9;1.674444;4.3;68.1;124.38093;124.38093;166.4;6.777778;;266.9;1011.95618;;30.92;26.912667;23.49;84.558333;;
82397;31/05/2014;0000;9;1.767742;4.8;60.6;125.081416;125.081416;191.8;6.344086;;257.1;;;30.770968;26.696129;23.458065;84.016129;;
82397;30/06/2014;0000;9;2.947778;5.3;100.3;106.995297;95.947618;231;5.588889;;56;;;31.23;26.927333;23.266667;78.066667;;
82397;31/07/2014;0000;9;3.152688;5.5;127.2;117.574902;69.490739;257.3;4.795699;;35.6;;;31.167742;26.454194;22.348387;75.66129;;
82397;31/08/2014;0000;9;3.883871;6.3;167;123.123857;20.374534;284;3.526882;;1.7;;;31.564516;26.747742;22.735484;71.620968;;
82397;30/09/2014;0000;9;3.704444;6.6;150.8;127.484537;13.01119;268.7;4.477778;;7.5;;;31.64;27.024;23.42;73.491667;;
82397;31/10/2014;0000;9;4.163441;8.5;172.3;146.382374;6.201525;296.1;4.55914;;4.4;;;32.151613;27.537419;23.909677;71.362903;;
82397;30/11/2014;0000;9;3.313333;5.5;141.3;142.718119;18.409363;286.7;5.577778;;18;;;31.876667;27.508;24.33;74.141667;;
82397;31/12/2014;0000;9;3.410753;5.5;138.2;153.766163;49.007203;278.4;6.44086;;48.9;;;31.770968;27.644516;24.648387;74.209677;;
82397;31/01/2015;0000;9;2.980645;6;110.4;144.950889;72.229891;277.6;5.88172;;72.2;;;31.493548;27.441935;24.319355;76.274194;;
82397;28/02/2015;0000;9;2.472619;5.8;100;130.105814;130.105814;177.5;7.261905;;144.6;;;31.532143;27.542857;24.539286;79.1875;;
82397;31/03/2015;0000;9;1.92043;5;77.7;115.162943;115.162943;170.6;7.311828;;377.7;;;30.732258;26.870968;23.629032;83.403226;;
82397;30/04/2015;0000;9;1.818889;5.3;66.5;124.39193;124.39193;176.7;6.9;;296.4;;;30.86;26.899333;23.64;84.975;;
82397;31/05/2015;0000;9;2.506452;5;99.5;146.090072;128.890239;264.1;5.376344;;81.1;;;31.748387;27.620645;24.119355;79.427419;;
82397;30/06/2015;0000;9;3.002222;6;101.2;120.590042;88.103054;242.5;4.911111;;66.2;;1011.35;30.973333;26.773333;23.086667;79.15;;
82397;31/07/2015;0000;9;2.730263;5;106.8;134.929119;134.929119;;5.315789;;147.5;;;30.380645;;22.570968;;;
82397;31/08/2015;0000;9;3.909677;6.6;151.7;135.775876;43.054293;;3.064516;;12.7;;;30.987097;;22.867742;;;
82397;30/09/2015;0000;9;3.84;6.6;145.3;132.542517;23.849768;;5.05;;15.2;;1010.755;31.16;;23.913333;;;
82397;31/10/2015;0000;9;3.75;6.3;159.7;138.157285;3.989801;;5.145161;;1.1;;;31.825806;;23.903226;;;
82397;30/11/2015;0000;9;3.421026;5.1444;;134.69892;1.924848;;5.291667;;1.2;;1008.775;;;24.043333;;;
82397;31/12/2015;0000;9;3.558913;6.17328;;139.686424;47.556005;;6.331967;;47.4;;;;;24.813333;;;
82397;31/01/2016;0000;9;2.31087;4.6;103.9;144.950889;144.950889;185.5;7.478261;;309.7;1012.33587;1009.23587;31.219355;27.358065;24.306452;82.58871;;
82397;29/02/2016;0000;9;2.134483;5;97.2;137.36553;137.36553;191.4;7.218391;;169.2;;;31.265517;27.41;24.327586;81.544643;;
82397;31/03/2016;0000;9;2.193436;6.68772;;160.176003;160.176003;230.4;6.75;;265;;;32.13;28.098621;24.635484;80.566667;;
82397;30/04/2016;0000;9;2.069192;5.65884;;137.037133;137.037133;185.8;6.708333;;411.3;;;31.19;27.421333;24.013333;83.2;;
82397;31/05/2016;0000;9;2.376489;5.1444;;143.29233;141.38424;249.5;5.430108;;123.1;;;31.387097;27.558621;24.041935;80.725806;;
82397;30/06/2016;0000;9;2.835136;5.65884;;138.143533;84.221999;261.1;4.569444;;30.3;;;31.74;27.456667;23.926667;76.225;;
82397;31/07/2016;0000;14;2.547308;5.1444;;134.947631;25.49234;267.1;5.241935;;5.3;;;31.793548;27.150968;23.767742;;;
82397;31/08/2016;0000;9;3.446195;6.68772;;135.810556;15.14763;295.4;4.072581;;9.7;;1011.28913;31.729032;27.195484;23.822581;71.830645;;
82397;30/09/2016;0000;9;3.738264;6.17328;;143.18877;11.386373;299.9;4.305556;;9.8;1014.11;;31.727586;27.472414;24.563333;72.408333;;
82397;31/10/2016;0000;9;3.684054;8.23104;;161.014196;8.04506;308.1;3.91129;;7.6;;;32.451613;27.973548;24.951613;73.459677;;
82397;30/11/2016;0000;9;3.555352;7.20216;;172.322616;7.898747;305.8;4.763889;;7.8;1011.61;1008.4;32.593333;28.294667;25.573333;74.183333;;
82397;31/12/2016;0000;9;2.976008;5.1444;;168.98033;74.21446;238.7;6.491935;;74.2;;;32.370968;28.212903;25.480645;76.048387;;
82397;31/01/2017;0000;9;2.904301;5;132.2;153.515968;106.803415;243.9;6.311828;;106.8;;;31.332258;27.683871;24.841935;78.854839;;
82397;28/02/2017;0000;9;2.347619;4.6;94.2;127.621873;127.621873;180.8;7.071429;;227.4;;1008.44881;31.15;27.347143;24.603571;81.892857;;
82397;31/03/2017;0000;9;1.445161;4.1;49;124.702118;124.702118;113.4;8.354839;;477.9;;;30.306452;26.632258;23.903226;86.629032;;
82397;30/04/2017;0000;9;1.652222;4.8;76.2;131.882069;131.882069;173.7;6.411111;;346;;;30.97;27.229333;24.37;85.116667;;
82397;31/05/2017;0000;9;1.891398;4.8;93.4;137.910458;137.903161;197.6;6.419355;;136.7;;;31.364516;27.416774;24.593548;82.008065;;
82397;30/06/2017;0000;9;2.214444;4.8;113.5;135.520933;105.620809;240.4;5.488889;;48;1013.39;;31.613333;27.355862;24.166667;77.675;;
82397;31/07/2017;0000;9;2.452688;5.3;132.7;119.959266;92.183349;229.9;5.505376;;78.1;1015.23871;;31.596774;26.593548;23.093548;75.419355;;
82397;31/08/2017;0000;9;3.386022;7.6;163.1;133.164773;21.330967;286.8;3.494624;;1.5;;;31.56129;27.085806;23.712903;73.379032;;
82397;30/09/2017;0000;9;3.51;6.3;182.6;135.131789;12.637264;289.6;3.466667;;7.4;1014.13;;32.023333;27.341333;23.93;70.866667;;
82397;31/10/2017;0000;9;3.623656;5.6;188.7;152.082893;12.232083;290.6;4.666667;;10.7;;;32.067742;27.68;24.629032;72.451613;;
82397;30/11/2017;0000;9;3.042222;5.3;151.1;151.119885;9.872902;291.7;5.577778;;9.5;;;31.776667;27.746667;25.003333;72.683333;;
82397;31/12/2017;0000;9;2.978495;5;153.1;168.97452;20.792345;275.4;5.924731;;20.7;;1008.45914;31.954839;28.148387;25.609677;74.645161;;
</pre>